ds,trend,yhat_lower,yhat_upper,trend_lower,trend_upper,multiplicative_terms,multiplicative_terms_lower,multiplicative_terms_upper,yearly,yearly_lower,yearly_upper,additive_terms,additive_terms_lower,additive_terms_upper,yhat
2011-04-01,-2398.319339491487,-43117.119723585805,32965.03440496534,-2398.319339491487,-2398.319339491487,0.4625365465963329,0.4625365465963329,0.4625365465963329,0.4625365465963329,0.4625365465963329,0.4625365465963329,0.0,0.0,0.0,-3507.6296844150775
2011-05-01,-1898.129028192993,-39519.39601250634,35829.177292848966,-1898.129028192993,-1898.129028192993,0.38594643751297353,0.38594643751297353,0.38594643751297353,0.38594643751297353,0.38594643751297353,0.38594643751297353,0.0,0.0,0.0,-2630.7051645640413
2011-06-01,-1381.2657065178826,-40330.29092059039,33907.18166372231,-1381.2657065178826,-1381.2657065178826,0.4101225327179865,0.4101225327179865,0.4101225327179865,0.4101225327179865,0.4101225327179865,0.4101225327179865,0.0,0.0,0.0,-1947.7538964314956
2011-07-01,-881.0753952193884,-38874.99618869454,37238.37252026166,-881.0753952193884,-881.0753952193884,-0.4206115134493093,-0.4206115134493093,-0.4206115134493093,-0.4206115134493093,-0.4206115134493093,-0.4206115134493093,0.0,0.0,0.0,-510.48493977321306
2011-08-01,-364.21207354427787,-38330.1357266742,38771.72933007227,-364.21207354427787,-364.21207354427787,-0.11053751102136089,-0.11053751102136089,-0.11053751102136089,-0.11053751102136089,-0.11053751102136089,-0.11053751102136089,0.0,0.0,0.0,-323.95297745076454
2011-09-01,152.65113233519367,-34174.2883489174,39695.85629503049,152.65113233519367,152.65113233519367,0.11667990364442749,0.11667990364442749,0.11667990364442749,0.11667990364442749,0.11667990364442749,0.11667990364442749,0.0,0.0,0.0,170.46245174727682
2011-10-01,652.8413315733918,-39984.58200719163,40242.28344483412,652.8413315733918,652.8413315733918,0.20839618151657052,0.20839618151657052,0.20839618151657052,0.20839618151657052,0.20839618151657052,0.20839618151657052,0.0,0.0,0.0,788.89097220948
2011-11-01,1169.704537452863,-36061.09868482941,38306.72659454374,1169.704537452863,1169.704537452863,0.19240553244572345,0.19240553244572345,0.19240553244572345,0.19240553244572345,0.19240553244572345,0.19240553244572345,0.0,0.0,0.0,1394.7621617856596
2011-12-01,1669.894736691061,-35098.43570587532,41488.13747376861,1669.894736691061,1669.894736691061,0.0708652333266162,0.0708652333266162,0.0708652333266162,0.0708652333266162,0.0708652333266162,0.0708652333266162,0.0,0.0,0.0,1788.2322168375615
2012-01-01,2186.757703839072,-36786.38683158739,39838.93354723599,2186.757703839072,2186.757703839072,-0.24527824344263172,-0.24527824344263172,-0.24527824344263172,-0.24527824344263172,-0.24527824344263172,-0.24527824344263172,0.0,0.0,0.0,1650.3936154067817
2012-02-01,2703.6206709870817,-35731.07292072477,38992.052652510014,2703.6206709870817,2703.6206709870817,-0.3148494030362352,-0.3148494030362352,-0.3148494030362352,-0.3148494030362352,-0.3148494030362352,-0.3148494030362352,0.0,0.0,0.0,1852.3873166903734
2012-03-01,3187.137640254576,-35307.90653332264,45000.542165933555,3187.137640254576,3187.137640254576,0.2673960757946321,0.2673960757946321,0.2673960757946321,0.2673960757946321,0.2673960757946321,0.2673960757946321,0.0,0.0,0.0,4039.3657382760134
2012-04-01,3704.000607402585,-30306.05689024026,44632.82414439776,3704.000607402585,3704.000607402585,0.32804205336744097,0.32804205336744097,0.32804205336744097,0.32804205336744097,0.32804205336744097,0.32804205336744097,0.0,0.0,0.0,4919.068572329178
2012-05-01,4204.190794382728,-34178.9182078826,44724.12324746565,4204.190794382728,4204.190794382728,0.29972700156427745,0.29972700156427745,0.29972700156427745,0.29972700156427745,0.29972700156427745,0.29972700156427745,0.0,0.0,0.0,5464.300295187201
2012-07-01,5221.244174575687,-31329.666148985056,43147.97928603402,5221.244174575687,5221.244174575687,0.08678995893414981,0.08678995893414981,0.08678995893414981,0.08678995893414981,0.08678995893414981,0.08678995893414981,0.0,0.0,0.0,5674.39574207228
2012-08-01,5738.1073677885,-34336.105550677035,44215.20452508488,5738.1073677885,5738.1073677885,-0.013042068275398444,-0.013042068275398444,-0.013042068275398444,-0.013042068275398444,-0.013042068275398444,-0.013042068275398444,0.0,0.0,0.0,5663.270579726235
2012-09-01,6254.970663414526,-33884.76705661872,42423.58074240887,6254.970663414526,6254.970663414526,-0.05823805636255086,-0.05823805636255086,-0.05823805636255086,-0.05823805636255086,-0.05823805636255086,-0.05823805636255086,0.0,0.0,0.0,5890.693329372489
2012-10-01,6755.160949504229,-31793.65532870542,45769.30866185595,6755.160949504229,6755.160949504229,-0.09540184565700793,-0.09540184565700793,-0.09540184565700793,-0.09540184565700793,-0.09540184565700793,-0.09540184565700793,0.0,0.0,0.0,6110.70612721138
2012-11-01,7272.024245130255,-30698.787514084648,43241.416326306164,7272.024245130255,7272.024245130255,-0.0011990334469482722,-0.0011990334469482722,-0.0011990334469482722,-0.0011990334469482722,-0.0011990334469482722,-0.0011990334469482722,0.0,0.0,0.0,7263.304844833325
2012-12-01,7772.214531219958,-29203.103842792225,46576.87576086353,7772.214531219958,7772.214531219958,0.07504068944653586,0.07504068944653586,0.07504068944653586,0.07504068944653586,0.07504068944653586,0.07504068944653586,0.0,0.0,0.0,8355.446868169089
2013-01-01,8289.078128676381,-28449.986821794104,46691.28954720291,8289.078128676381,8289.078128676381,0.0997072573388178,0.0997072573388178,0.0997072573388178,0.0997072573388178,0.0997072573388178,0.0997072573388178,0.0,0.0,0.0,9115.559374753884
2013-02-01,8805.941726132804,-28075.91127659204,53950.54300551446,8805.941726132804,8805.941726132804,0.39661884267419856,0.39661884267419856,0.39661884267419856,0.39661884267419856,0.39661884267419856,0.39661884267419856,0.0,0.0,0.0,12298.544142208031
2013-03-01,9272.786265770861,-20964.416022046727,51842.54006594439,9272.786265770861,9272.786265770861,0.5205335027528148,0.5205335027528148,0.5205335027528148,0.5205335027528148,0.5205335027528148,0.5205335027528148,0.0,0.0,0.0,14099.582180970761
2013-04-01,9789.649863227281,-26981.816392833254,50512.10038062287,9789.649863227281,9789.649863227281,0.3753072244411362,0.3753072244411362,0.3753072244411362,0.3753072244411362,0.3753072244411362,0.3753072244411362,0.0,0.0,0.0,13463.77618164566
2013-05-01,10289.840896757674,-24412.180015506307,51698.99521316669,10289.840896757674,10289.840896757674,0.33134340938539086,0.33134340938539086,0.33134340938539086,0.33134340938539086,0.33134340938539086,0.33134340938539086,0.0,0.0,0.0,13699.31186152259
2013-06-01,10806.704964739078,-24327.65541906165,52653.57739523879,10806.704964739078,10806.704964739078,0.44531181851972557,0.44531181851972557,0.44531181851972557,0.44531181851972557,0.44531181851972557,0.44531181851972557,0.0,0.0,0.0,15619.058404793182
2013-07-01,11306.89599826947,-26619.305581716875,48681.4504123272,11306.89599826947,11306.89599826947,-0.0827065417649962,-0.0827065417649962,-0.0827065417649962,-0.0827065417649962,-0.0827065417649962,-0.0827065417649962,0.0,0.0,0.0,10371.741732156128
2013-08-01,11823.760066250874,-29092.861387088815,46618.38570824713,11823.760066250874,11823.760066250874,-0.04979380689080504,-0.04979380689080504,-0.04979380689080504,-0.04979380689080504,-0.04979380689080504,-0.04979380689080504,0.0,0.0,0.0,11235.010040788766
2013-09-01,12340.624285518243,-27279.887253840312,48581.059698798796,12340.624285518243,12340.624285518243,-0.003291370224316248,-0.003291370224316248,-0.003291370224316248,-0.003291370224316248,-0.003291370224316248,-0.003291370224316248,0.0,0.0,0.0,12300.006722195414
2013-10-01,12840.81546545441,-22863.528688782724,48187.89152902059,12840.81546545441,12840.81546545441,0.005726741789418455,0.005726741789418455,0.005726741789418455,0.005726741789418455,0.005726741789418455,0.005726741789418455,0.0,0.0,0.0,12914.351499990638
2013-11-01,13357.679684721783,-21510.81644648094,50171.88319583214,13357.679684721783,13357.679684721783,0.06590834801038525,0.06590834801038525,0.06590834801038525,0.06590834801038525,0.06590834801038525,0.06590834801038525,0.0,0.0,0.0,14238.06228599368
2013-12-01,13857.870864657947,-24735.557904688478,49152.48336707766,13857.870864657947,13857.870864657947,0.07775963536430908,0.07775963536430908,0.07775963536430908,0.07775963536430908,0.07775963536430908,0.07775963536430908,0.0,0.0,0.0,14935.453850019432
2014-01-01,14374.738729315213,-25014.253023276495,55984.84343629064,14374.738729315213,14374.738729315213,-0.012489780001274764,-0.012489780001274764,-0.012489780001274764,-0.012489780001274764,-0.012489780001274764,-0.012489780001274764,0.0,0.0,0.0,14195.201405010263
2014-02-01,14891.606593972487,-17801.55127376594,53897.12778966966,14891.606593972487,14891.606593972487,0.15474701009205338,0.15474701009205338,0.15474701009205338,0.15474701009205338,0.15474701009205338,0.15474701009205338,0.0,0.0,0.0,17196.038189856838
2014-03-01,15358.454987856469,-10979.392461928413,65439.14899988969,15358.454987856469,15358.454987856469,0.7774099906818797,0.7774099906818797,0.7774099906818797,0.7774099906818797,0.7774099906818797,0.7774099906818797,0.0,0.0,0.0,27298.271336854035
2014-04-01,15875.322852513733,-16960.65322459728,56946.62438168945,15875.322852513733,15875.322852513733,0.42018684579405663,0.42018684579405663,0.42018684579405663,0.42018684579405663,0.42018684579405663,0.42018684579405663,0.0,0.0,0.0,22545.924687873787
2014-05-01,16398.37943458119,-14306.621694547692,60046.32014752759,16398.37943458119,16398.37943458119,0.3600980130133893,0.3600980130133893,0.3600980130133893,0.3600980130133893,0.3600980130133893,0.3600980130133893,0.0,0.0,0.0,22303.403285613505
2014-06-01,16938.8712360509,-14153.588590371975,62873.94916840334,16938.8712360509,16938.8712360509,0.4295990632501463,0.4295990632501463,0.4295990632501463,0.4295990632501463,0.4295990632501463,0.4295990632501463,0.0,0.0,0.0,24215.794451573216
2014-07-01,17461.92781811836,-24568.126397548305,50384.353378068634,17461.92781811836,17461.92781811836,-0.2519164299794051,-0.2519164299794051,-0.2519164299794051,-0.2519164299794051,-0.2519164299794051,-0.2519164299794051,0.0,0.0,0.0,13062.98130161992
2014-08-01,18013.224617205564,-21488.79495653135,52932.54277812422,18013.224617205564,18013.224617205564,-0.08231661231585408,-0.08231661231585408,-0.08231661231585408,-0.08231661231585408,-0.08231661231585408,-0.08231661231585408,0.0,0.0,0.0,16530.436989832655
2014-09-01,18564.521416292762,-18638.87919654397,58121.107281460536,18564.521416292762,18564.521416292762,0.05504397231311953,0.05504397231311953,0.05504397231311953,0.05504397231311953,0.05504397231311953,0.05504397231311953,0.0,0.0,0.0,19586.386419137496
2014-10-01,19098.034447667473,-21392.509498761025,57925.548920774585,19098.034447667473,19098.034447667473,0.10704877899070386,0.10704877899070386,0.10704877899070386,0.10704877899070386,0.10704877899070386,0.10704877899070386,0.0,0.0,0.0,21142.455716412675
2014-11-01,19649.331246754675,-17337.52442921444,58899.46836110933,19649.331246754675,19649.331246754675,0.13048168086988343,0.13048168086988343,0.13048168086988343,0.13048168086988343,0.13048168086988343,0.13048168086988343,0.0,0.0,0.0,22213.20901580035
2014-12-01,20402.824870303983,-17940.193166847006,57355.89478608898,20402.824870303983,20402.824870303983,0.07635749310376783,0.07635749310376783,0.07635749310376783,0.07635749310376783,0.07635749310376783,0.07635749310376783,0.0,0.0,0.0,21960.733429635602
2015-01-01,21181.434947971604,-19256.5794002867,58034.43243784284,21181.434947971604,21181.434947971604,-0.1275549887817361,-0.1275549887817361,-0.1275549887817361,-0.1275549887817361,-0.1275549887817361,-0.1275549887817361,0.0,0.0,0.0,18479.637250802014
2015-02-01,21960.04502563923,-18837.909949753917,59946.67718620977,21960.04502563923,21960.04502563923,-0.08249918638296316,-0.08249918638296316,-0.08249918638296316,-0.08249918638296316,-0.08249918638296316,-0.08249918638296316,0.0,0.0,0.0,20148.359178090755
2015-03-01,22663.305740951928,10803.845221460604,83621.6838903059,22663.305740951928,22663.305740951928,1.0377393370109904,1.0377393370109904,1.0377393370109904,1.0377393370109904,1.0377393370109904,1.0377393370109904,0.0,0.0,0.0,46181.90961504475
2015-04-01,24844.94050985775,-1009.7947299479264,74698.49521274309,24844.94050985775,24844.94050985775,0.46253654659682764,0.46253654659682764,0.46253654659682764,0.46253654659682764,0.46253654659682764,0.46253654659682764,0.0,0.0,0.0,36336.633493690984
2015-05-01,26956.199963637584,1608.804035976392,73872.31016189992,26956.199963637584,26956.199963637584,0.3859464375125894,0.3859464375125894,0.3859464375125894,0.3859464375125894,0.3859464375125894,0.3859464375125894,0.0,0.0,0.0,37359.8493084805
2015-06-01,29137.834732543408,3344.982886059188,78508.00738296096,29137.834732543408,29137.834732543408,0.41012253271819255,0.41012253271819255,0.41012253271819255,0.41012253271819255,0.41012253271819255,0.41012253271819255,0.0,0.0,0.0,41087.91731097823
2015-07-01,31249.09418632323,-20391.563392466207,54565.13155021637,31249.09418632323,31249.09418632323,-0.42061151345108705,-0.42061151345108705,-0.42061151345108705,-0.42061151345108705,-0.42061151345108705,-0.42061151345108705,0.0,0.0,0.0,18105.365386638252
2015-08-01,33430.72856424034,-9440.509973672393,69779.95335342377,33430.72856424034,33430.72856424034,-0.11053751102117215,-0.11053751102117215,-0.11053751102117215,-0.11053751102117215,-0.11053751102117215,-0.11053751102117215,0.0,0.0,0.0,29735.379037124807
2015-09-01,35612.36294215746,2743.2843334586087,77340.25362452645,35612.36294215746,35612.36294215746,0.11667990364379888,0.11667990364379888,0.11667990364379888,0.11667990364379888,0.11667990364379888,0.11667990364379888,0.0,0.0,0.0,39767.61001877639
2015-10-01,37723.62201756111,8819.91623980343,84370.43485494563,37723.62201756111,37723.62201756111,0.20839618151802192,0.20839618151802192,0.20839618151802192,0.20839618151802192,0.20839618151802192,0.20839618151802192,0.0,0.0,0.0,45585.080799050025
2015-11-01,39905.25639547824,7037.511345369726,84118.9064834794,39905.25639547824,39905.25639547824,0.19240553244522052,0.19240553244522052,0.19240553244522052,0.19240553244522052,0.19240553244522052,0.19240553244522052,0.0,0.0,0.0,47583.24849961327
2015-12-01,42016.51559353406,8723.140925398307,84913.38275581384,42016.51559353406,42016.51559353406,0.07086523332641148,0.07086523332641148,0.07086523332641148,0.07086523332641148,0.07086523332641148,0.07086523332641148,0.0,0.0,0.0,44994.02577463265
2016-01-01,44198.15009819174,-3560.0130762481776,71473.08902008158,44198.15009819174,44198.15009819174,-0.2452782434428712,-0.2452782434428712,-0.2452782434428712,-0.2452782434428712,-0.2452782434428712,-0.2452782434428712,0.0,0.0,0.0,33357.30547868291
2016-02-01,46379.784602849424,-6007.852081757961,66593.45278558311,46379.784602849424,46379.784602849424,-0.31484940303588216,-0.31484940303588216,-0.31484940303588216,-0.31484940303588216,-0.31484940303588216,-0.31484940303588216,0.0,0.0,0.0,31777.137107709485
2016-03-01,48420.66849430336,25314.283602983105,98890.41183714905,48420.66849430336,48420.66849430336,0.26739607579514235,0.26739607579514235,0.26739607579514235,0.26739607579514235,0.26739607579514235,0.26739607579514235,0.0,0.0,0.0,61368.16523705756
2016-04-01,50602.302840824035,29050.383922952577,104101.68523755539,50602.302840824035,50602.302840824035,0.32804205336686204,0.32804205336686204,0.32804205336686204,0.32804205336686204,0.32804205336686204,0.32804205336686204,0.0,0.0,0.0,67201.98616981975
2016-05-01,52713.56188584403,27823.79563190936,107796.62853342535,52713.56188584403,52713.56188584403,0.29972700156408427,0.29972700156408427,0.29972700156408427,0.29972700156408427,0.29972700156408427,0.29972700156408427,0.0,0.0,0.0,68513.23973165086
2016-06-01,54895.19623236471,42704.43758049539,118899.82448376775,54895.19623236471,54895.19623236471,0.45719601484161054,0.45719601484161054,0.45719601484161054,0.45719601484161054,0.45719601484161054,0.45719601484161054,0.0,0.0,0.0,79993.06118375005
2016-07-01,57006.454934503585,22372.99197845171,98457.21860153756,57006.454934503585,57006.454934503585,0.08678995893399322,0.08678995893399322,0.08678995893399322,0.08678995893399322,0.08678995893399322,0.08678995893399322,0.0,0.0,0.0,61954.04281724168
2016-08-01,59188.088926713805,19273.76743226289,94493.9023340201,59188.088926713805,59188.088926713805,-0.013042068276526875,-0.013042068276526875,-0.013042068276526875,-0.013042068276526875,-0.013042068276526875,-0.013042068276526875,0.0,0.0,0.0,58416.153829774456
2016-09-01,61369.72291892397,22197.366230658,97248.75169795974,61369.72291892397,61369.72291892397,-0.058238056363084434,-0.058238056363084434,-0.058238056363084434,-0.058238056363084434,-0.058238056363084434,-0.058238056363084434,0.0,0.0,0.0,57795.669536584806
2016-10-01,63480.98162106286,16820.79316658803,94319.86462967901,63480.98162106286,63480.98162106286,-0.09540184565733634,-0.09540184565733634,-0.09540184565733634,-0.09540184565733634,-0.09540184565733634,-0.09540184565733634,0.0,0.0,0.0,57424.778810274016
2016-11-01,63989.394481102674,26503.399317502666,100113.03139223656,63989.394481102674,63989.394481102674,-0.0011990334472717912,-0.0011990334472717912,-0.0011990334472717912,-0.0011990334472717912,-0.0011990334472717912,-0.0011990334472717912,0.0,0.0,0.0,63912.66905684916
2016-12-01,64481.4069263025,28040.175007680908,106135.28391105981,64481.4069263025,64481.4069263025,0.07504068944613174,0.07504068944613174,0.07504068944613174,0.07504068944613174,0.07504068944613174,0.07504068944613174,0.0,0.0,0.0,69320.13615850882
2017-01-01,64989.81978634231,31630.4908268052,109813.39186244915,64989.81978634231,64989.81978634231,0.09970725734018715,0.09970725734018715,0.09970725734018715,0.09970725734018715,0.09970725734018715,0.09970725734018715,0.0,0.0,0.0,71469.77647227154
2017-02-01,65498.232646382145,53274.65424613554,128519.05531051834,65498.232646382145,65498.232646382145,0.39661884267610015,0.39661884267610015,0.39661884267610015,0.39661884267610015,0.39661884267610015,0.39661884267610015,0.0,0.0,0.0,91476.06587592019
2017-03-01,65957.44415958834,60723.35725513368,137257.43304485947,65957.44415958834,65957.44415958834,0.5205335027537261,0.5205335027537261,0.5205335027537261,0.5205335027537261,0.5205335027537261,0.5205335027537261,0.0,0.0,0.0,100290.50360066215
2017-04-01,66465.85690635232,55140.12892497246,127320.50627055953,66465.85690635232,66465.85690635232,0.3753072244415361,0.3753072244415361,0.3753072244415361,0.3753072244415361,0.3753072244415361,0.3753072244415361,0.0,0.0,0.0,91410.97318200371
2017-05-01,66957.86924193037,51694.257540501,126666.40988648824,66957.86924193037,66957.86924193037,0.33134340938551343,0.33134340938551343,0.33134340938551343,0.33134340938551343,0.33134340938551343,0.33134340938551343,0.0,0.0,0.0,89143.91792174098
2017-06-01,67466.28198869436,59284.27036090719,138113.90060735872,67466.28198869436,67466.28198869436,0.4453118185194098,0.4453118185194098,0.4453118185194098,0.4453118185194098,0.4453118185194098,0.4453118185194098,0.0,0.0,0.0,97509.81470982316
2017-07-01,67958.29424707495,23416.592116554537,98609.4030316069,67958.29424707495,67958.29424707495,-0.08270654176555725,-0.08270654176555725,-0.08270654176555725,-0.08270654176555725,-0.08270654176555725,-0.08270654176555725,0.0,0.0,0.0,62337.69874561322
2017-08-01,68466.70691406824,26232.65780178645,102306.35311580118,68466.70691406824,68466.70691406824,-0.04979380689088053,-0.04979380689088053,-0.04979380689088053,-0.04979380689088053,-0.04979380689088053,-0.04979380689088053,0.0,0.0,0.0,65057.488931534615
2017-09-01,68975.11958106153,30342.98247493349,109325.46331777346,68975.11958106153,68975.11958106153,-0.0032913702236121445,-0.0032913702236121445,-0.0032913702236121445,-0.0032913702236121445,-0.0032913702236121445,-0.0032913702236121445,0.0,0.0,0.0,68748.09692630234
2017-10-01,69467.13183944211,30783.15381873987,107993.13523745419,69467.13183944211,69467.13183944211,0.005726741790689882,0.005726741790689882,0.005726741790689882,0.005726741790689882,0.005726741790689882,0.005726741790689882,0.0,0.0,0.0,69864.9521664264
2017-11-01,66718.4735619719,33158.23556107894,110587.90193655838,66718.4735619719,66718.4735619719,0.06590834800967427,0.06590834800967427,0.06590834800967427,0.06590834800967427,0.06590834800967427,0.06590834800967427,0.0,0.0,0.0,71115.7779361686
2017-12-01,64058.4816805491,31199.855858931533,105891.23799666687,64058.4816805491,64058.4816805491,0.07775963536495745,0.07775963536495745,0.07775963536495745,0.07775963536495745,0.07775963536495745,0.07775963536495745,0.0,0.0,0.0,69039.6458580614
2018-01-01,61309.82340307889,22432.364427123433,100666.5611242002,61309.82340307889,61309.82340307889,-0.012489780000006667,-0.012489780000006667,-0.012489780000006667,-0.012489780000006667,-0.012489780000006667,-0.012489780000006667,0.0,0.0,0.0,60544.07719693517
2018-02-01,58561.16512560868,29389.348870987207,104272.20998592138,58561.16512560868,58561.16512560868,0.15474701009315872,0.15474701009315872,0.15474701009315872,0.15474701009315872,0.15474701009315872,0.15474701009315872,0.0,0.0,0.0,67623.33033636838
2018-03-01,56071.66826243589,61249.92992319715,136620.700626816,56071.66826243589,56071.66826243589,0.7774099906824485,0.7774099906824485,0.7774099906824485,0.7774099906824485,0.7774099906824485,0.7774099906824485,0.0,0.0,0.0,99662.34336388552
2018-04-01,53315.439592494586,37375.31506293038,112953.87600470234,53315.439592494586,53315.439592494586,0.42018684579482457,0.42018684579482457,0.42018684579482457,0.42018684579482457,0.42018684579482457,0.42018684579482457,0.0,0.0,0.0,75717.8859870294
2018-05-01,50648.12152480953,30577.445924873038,108751.51438802843,50648.12152480953,50648.12152480953,0.3600980130138365,0.3600980130138365,0.3600980130138365,0.3600980130138365,0.3600980130138365,0.3600980130138365,0.0,0.0,0.0,68886.40944877677
2018-06-01,47891.89280654062,30622.94028065168,106021.63236962858,47891.89280654062,47891.89280654062,0.42959906324995845,0.42959906324995845,0.42959906324995845,0.42959906324995845,0.42959906324995845,0.42959906324995845,0.0,0.0,0.0,68466.20509349789
2018-07-01,45224.57469208679,-5986.971955233724,72031.73676966566,45224.57469208679,45224.57469208679,-0.2519164299798118,-0.2519164299798118,-0.2519164299798118,-0.2519164299798118,-0.2519164299798118,-0.2519164299798118,0.0,0.0,0.0,33831.76128830094
2018-08-01,42468.34597381788,899.8845325518427,76968.21257762046,42468.34597381788,42468.34597381788,-0.08231661231585075,-0.08231661231585075,-0.08231661231585075,-0.08231661231585075,-0.08231661231585075,-0.08231661231585075,0.0,0.0,0.0,38972.49560259569
2018-09-01,39712.11725554892,3554.411276728945,78425.06538928086,39712.11725554892,39712.11725554892,0.05504397231219427,0.05504397231219427,0.05504397231219427,0.05504397231219427,0.05504397231219427,0.05504397231219427,0.0,0.0,0.0,41898.02993822197
2018-10-01,35307.01964774875,1043.5611135515308,79939.73494034544,35307.01964774875,35307.01964774875,0.10704877899041043,0.10704877899041043,0.10704877899041043,0.10704877899041043,0.10704877899041043,0.10704877899041043,0.0,0.0,0.0,39086.59299083068
2018-11-01,30755.085453021908,-3402.7213371419393,72309.89596099604,30755.085453021908,30755.085453021908,0.13048168086979683,0.13048168086979683,0.13048168086979683,0.13048168086979683,0.13048168086979683,0.13048168086979683,0.0,0.0,0.0,34768.06069822644
2018-12-01,26349.987845221734,-8883.008896519414,63426.995218697026,26349.987845221734,26349.987845221734,0.07635749310424567,0.07635749310424567,0.07635749310424567,0.07635749310424567,0.07635749310424567,0.07635749310424567,0.0,0.0,0.0,28362.00686041021
2019-01-01,21798.053650494894,-18423.75855265779,57880.55146401079,21798.053650494894,21798.053650494894,-0.1275549887833809,-0.1275549887833809,-0.1275549887833809,-0.1275549887833809,-0.1275549887833809,-0.1275549887833809,0.0,0.0,0.0,19017.603161606483
2019-02-01,17226.381408642945,-22788.183052889366,53359.420117651025,17226.381408642945,17226.381408642945,-0.08249918638213805,-0.08249918638213805,-0.08249918638213805,-0.08249918638213805,-0.08249918638213805,-0.08249918638213805,0.0,0.0,0.0,15805.218958121513
2019-03-01,13097.12906116378,-11480.182114354597,66648.69080167,13097.12906116378,13097.12906116378,1.0377393370092882,1.0377393370092882,1.0377393370092882,1.0377393370092882,1.0377393370092882,1.0377393370092882,0.0,0.0,0.0,26688.53508982096
2019-04-01,8525.45681931183,-25399.73449268606,48364.1911878352,8525.45681931183,8525.45681931183,0.46253654659690113,0.46253654659690113,0.46253654659690113,0.46253654659690113,0.46253654659690113,0.46253654659690113,0.0,0.0,0.0,12468.792174677325
2019-05-01,4101.257875583904,-32175.867052498128,45552.688029055505,4101.257875583904,4101.257875583904,0.3859464375128683,0.3859464375128683,0.3859464375128683,0.3859464375128683,0.3859464375128683,0.3859464375128683,0.0,0.0,0.0,5684.123741987106
2019-06-01,24885.066286878384,-2534.6344747284215,72577.71236804442,24885.066286878384,24885.066286878384,0.41012253271793786,0.41012253271793786,0.41012253271793786,0.41012253271793786,0.41012253271793786,0.41012253271793786,0.0,0.0,0.0,35090.99269930671
2019-07-01,44998.429265550454,-12143.47900117767,64582.02011201123,44998.429265550454,44998.429265550454,-0.42061151345073394,-0.42061151345073394,-0.42061151345073394,-0.42061151345073394,-0.42061151345073394,-0.42061151345073394,0.0,0.0,0.0,26071.571829261477
2019-08-01,65782.23767684493,19677.54469815934,97671.89548666315,65782.23767684493,65782.23767684493,-0.11053751102133003,-0.11053751102133003,-0.11053751102133003,-0.11053751102133003,-0.11053751102133003,-0.11053751102133003,0.0,0.0,0.0,58510.832854632936
2019-09-01,86566.04608813906,60621.51956243439,133961.38299620294,86566.04608813906,86566.04608813906,0.11667990364424163,0.11667990364424163,0.11667990364424163,0.11667990364424163,0.11667990364424163,0.11667990364424163,0.0,0.0,0.0,96666.56400456611
2019-10-01,106679.40906681113,91103.52944443196,171540.7629596255,106679.40906681113,106679.40906681113,0.2083961815175122,0.2083961815175122,0.2083961815175122,0.2083961815175122,0.2083961815175122,0.2083961815175122,0.0,0.0,0.0,128910.99056287923
2019-11-01,127463.21747810561,113252.00001713185,190994.73646264765,127463.21747810561,127463.21747810561,0.19240553244605518,0.19240553244605518,0.19240553244605518,0.19240553244605518,0.19240553244605518,0.19240553244605518,0.0,0.0,0.0,151987.84570426785
2019-12-01,147576.58045677768,121610.78110877989,197892.78508141788,147576.58045677768,147576.58045677768,0.07086523332610373,0.07086523332610373,0.07086523332610373,0.07086523332610373,0.07086523332610373,0.07086523332610373,0.0,0.0,0.0,158034.62926431574
2020-01-01,168360.38886807216,86442.64146319234,165051.73404438875,168360.38886807216,168360.38886807216,-0.245278243442417,-0.245278243442417,-0.245278243442417,-0.245278243442417,-0.245278243442417,-0.245278243442417,0.0,0.0,0.0,127065.24842122916
2020-02-01,189144.19727936664,93237.97133824741,166030.79158070107,189144.19727936664,189144.19727936664,-0.31484940303583775,-0.31484940303583775,-0.31484940303583775,-0.31484940303583775,-0.31484940303583775,-0.31484940303583775,0.0,0.0,0.0,129592.25967826533
2020-03-01,208587.11482541595,228139.06841424466,300847.9445446571,208587.11482541595,208587.11482541595,0.2673960757972469,0.2673960757972469,0.2673960757972469,0.2673960757972469,0.2673960757972469,0.2673960757972469,0.0,0.0,0.0,264362.4907916019
2020-04-01,229370.92323671043,265554.1472390375,342090.66997517546,229370.92323671043,229370.92323671043,0.3280420533670273,0.3280420533670273,0.3280420533670273,0.3280420533670273,0.3280420533670273,0.3280420533670273,0.0,0.0,0.0,304614.2318779717
2020-05-01,249484.2862153825,285074.51886062726,359788.10634008155,249484.2862153825,249484.2862153825,0.2997270015645901,0.2997270015645901,0.2997270015645901,0.2997270015645901,0.2997270015645901,0.2997270015645901,0.0,0.0,0.0,324261.4632602011
2020-06-01,270268.094626677,356059.0787983269,430812.6704511432,270268.094626677,270268.094626677,0.4571960148412728,0.4571960148412728,0.4571960148412728,0.4571960148412728,0.4571960148412728,0.4571960148412728,0.0,0.0,0.0,393833.59042873775
2020-07-01,290381.4576053491,276349.3905856037,354243.24524011044,290381.4576053491,290381.4576053491,0.08678995893289465,0.08678995893289465,0.08678995893289465,0.08678995893289465,0.08678995893289465,0.08678995893289465,0.0,0.0,0.0,315583.6523857914
2020-08-01,311165.2660166432,268794.6405922406,344488.05931560183,311165.2660166432,311165.2660166432,-0.01304206827512333,-0.01304206827512333,-0.01304206827512333,-0.01304206827512333,-0.01304206827512333,-0.01304206827512333,0.0,0.0,0.0,307107.0273724072
2020-09-01,331949.0744279377,276973.051395554,350525.275568647,331949.0744279377,331949.0744279377,-0.0582380563627225,-0.0582380563627225,-0.0582380563627225,-0.0582380563627225,-0.0582380563627225,-0.0582380563627225,0.0,0.0,0.0,312617.0055218499
2020-10-01,352062.4374066097,281281.71728616883,355672.1135368944,352062.4374066097,352062.4374066097,-0.09540184565606069,-0.09540184565606069,-0.09540184565606069,-0.09540184565606069,-0.09540184565606069,-0.09540184565606069,0.0,0.0,0.0,318475.0310918478
2020-11-01,372846.2458179042,336843.38807886856,411853.20084692567,372846.2458179042,372846.2458179042,-0.001199033446837916,-0.001199033446837916,-0.001199033446837916,-0.001199033446837916,-0.001199033446837916,-0.001199033446837916,0.0,0.0,0.0,372399.1906986406
2020-12-01,392959.60879657627,383677.18488618586,459616.65048564126,392959.60879657627,392959.60879657627,0.07504068944656961,0.07504068944656961,0.07504068944656961,0.07504068944656961,0.07504068944656961,0.07504068944656961,0.0,0.0,0.0,422447.56876532565
2021-01-01,413743.41720787075,417195.43261796987,491751.3198447751,413743.41720787075,413743.41720787075,0.09970725733990227,0.09970725733990227,0.09970725733990227,0.09970725733990227,0.09970725733990227,0.09970725733990227,0.0,0.0,0.0,454996.6385801065
2021-02-01,434527.2256191652,569059.4784367974,644654.780928911,434527.2256191652,434527.2256191652,0.3966188426743038,0.3966188426743038,0.3966188426743038,0.3966188426743038,0.3966188426743038,0.3966188426743038,0.0,0.0,0.0,606868.9109547146
2021-03-01,453299.6977325922,652567.015582533,726922.7862959699,453299.6977325922,453299.6977325922,0.520533502752961,0.520533502752961,0.520533502752961,0.520533502752961,0.520533502752961,0.520533502752961,0.0,0.0,0.0,689257.3771901968
2021-04-01,474083.50614388665,612056.100192956,691052.8395036987,474083.50614388665,474083.50614388665,0.3753072244404778,0.3753072244404778,0.3753072244404778,0.3753072244404778,0.3753072244404778,0.3753072244404778,0.0,0.0,0.0,652010.470987759
2021-05-01,494196.86912255874,618581.3620633687,694431.8953035125,494196.86912255874,494196.86912255874,0.3313434093857994,0.3313434093857994,0.3313434093857994,0.3313434093857994,0.3313434093857994,0.3313434093857994,0.0,0.0,0.0,657945.7446454151
2021-06-01,514980.6775338532,706391.6853190048,781747.1680231838,514980.6775338532,514980.6775338532,0.44531181851901525,0.44531181851901525,0.44531181851901525,0.44531181851901525,0.44531181851901525,0.44531181851901525,0.0,0.0,0.0,744307.659548608
2021-07-01,535094.0405125256,453490.0839899794,527498.9735829128,535094.0405125256,535178.9085589782,-0.08270654176428688,-0.08270654176428688,-0.08270654176428688,-0.08270654176428688,-0.08270654176428688,-0.08270654176428688,0.0,0.0,0.0,490838.26290305535
2021-08-01,555877.8489238194,488991.198014436,566170.6460319943,555382.3813459283,556549.1312497889,-0.049793806891190506,-0.049793806891190506,-0.049793806891190506,-0.049793806891190506,-0.049793806891190506,-0.049793806891190506,0.0,0.0,0.0,528198.5746594163
2021-09-01,576661.6573351139,536019.7964289805,613660.8963935185,575280.4672150293,578403.3044409839,-0.00329137022331194,-0.00329137022331194,-0.00329137022331194,-0.00329137022331194,-0.00329137022331194,-0.00329137022331194,0.0,0.0,0.0,574763.6503272353
2021-10-01,596775.0203137863,562357.341111382,639040.310829508,594245.8546667797,599782.2995962373,0.005726741790773593,0.005726741790773593,0.005726741790773593,0.005726741790773593,0.005726741790773593,0.005726741790773593,0.0,0.0,0.0,600192.5967623071
2021-11-01,617558.8287250808,621139.3607866635,698529.504136706,613444.4331381017,622597.8440680596,0.06590834801031353,0.06590834801031353,0.06590834801031353,0.06590834801031353,0.06590834801031353,0.06590834801031353,0.0,0.0,0.0,658261.1109255351
2021-12-01,637672.1917037525,648462.7516203785,724889.1459428237,631904.245310797,644830.5426269197,0.0777596353641643,0.0777596353641643,0.0777596353641643,0.0777596353641643,0.0777596353641643,0.0777596353641643,0.0,0.0,0.0,687257.3488125037
2022-01-01,658456.000115047,610737.581178417,690501.4227920977,651063.518904136,667888.6808775348,-0.0124897800010495,-0.0124897800010495,-0.0124897800010495,-0.0124897800010495,-0.0124897800010495,-0.0124897800010495,0.0,0.0,0.0,650232.029533239
2022-02-01,679239.8085263415,744148.2548204944,825077.903799134,670238.0424494919,690984.5361352048,0.15474701009295266,0.15474701009295266,0.15474701009295266,0.15474701009295266,0.15474701009295266,0.15474701009295266,0.0,0.0,0.0,784350.1380319025
2022-03-01,698012.2806397687,1197067.417219363,1287749.3756004376,687159.6447050088,711950.1489256263,0.7774099906815546,0.7774099906815546,0.7774099906815546,0.7774099906815546,0.7774099906815546,0.7774099906815546,0.0,0.0,0.0,1240654.0012275418
2022-04-01,718796.0890510632,974983.8739018238,1067582.3497531028,705552.8980352412,735174.6691258919,0.4201868457938289,0.4201868457938289,0.4201868457938289,0.4201868457938289,0.4201868457938289,0.4201868457938289,0.0,0.0,0.0,1020824.7504783695
2022-05-01,738909.452029735,962444.2978070907,1053194.913321106,723216.7883951286,758431.3722859923,0.3600980130131659,0.3600980130131659,0.3600980130131659,0.3600980130131659,0.3600980130131659,0.3600980130131659,0.0,0.0,0.0,1004989.2775022897
2022-06-01,759693.2604410294,1039008.6022665515,1136116.3579233668,741650.5097907928,782388.6691687782,0.429599063250652,0.429599063250652,0.429599063250652,0.429599063250652,0.429599063250652,0.429599063250652,0.0,0.0,0.0,1086056.7734843292
