date,adm1_name,basket_cost_syp,daily_wage_syp,monthly_income_syp,affordability_index
2014-11-01,As_Suweida,17735.040399999998,1000.0,30000.0,1.692
2014-11-01,City_Damascus,18986.5554,1300.0,39000.0,2.054
2014-11-01,Damascus,22705.1868,1300.0,39000.0,1.718
2014-11-01,Dara,37853.0634,600.0,18000.0,0.476
2014-11-01,Hama,17672.6904,875.0,26250.0,1.485
2014-11-01,Homs,26778.37685,750.0,22500.0,0.84
2014-11-01,Idleb,33698.4335,562.5,16875.0,0.501
2014-12-01,Aleppo,24839.470299999997,1000.0,30000.0,1.208
2014-12-01,As_Suweida,18352.735399999998,1000.0,30000.0,1.635
2014-12-01,City_Damascus,19456.3304,1300.0,39000.0,2.004
2014-12-01,Damascus,23003.606799999998,1300.0,39000.0,1.695
2014-12-01,Dara,16708.3552,600.0,18000.0,1.077
2014-12-01,Dayr_Az_Zor,24580.6318,950.0,28500.0,1.159
2014-12-01,Hama,17954.5554,820.0,24600.0,1.37
2014-12-01,Hassakeh,22678.9482,830.0,24900.0,1.098
2014-12-01,Homs,26879.2656,740.0,22200.0,0.826
2014-12-01,Idleb,34752.987,580.0,17400.0,0.501
2014-12-01,Lattakia,18891.9554,1000.0,30000.0,1.588
2014-12-01,Raqqa,23933.636599999998,1000.0,30000.0,1.253
2014-12-01,Tartous,18972.5804,500.0,15000.0,0.791
2015-01-01,Aleppo,25415.6316,1000.0,30000.0,1.18
2015-01-01,As_Suweida,19212.5634,1000.0,30000.0,1.561
2015-01-01,City_Damascus,20180.1451,1125.0,33750.0,1.672
2015-01-01,Damascus,22510.6634,1300.0,39000.0,1.733
2015-01-01,Dara,16909.6167,600.0,18000.0,1.064
2015-01-01,Dayr_Az_Zor,26368.7051,987.5,29625.0,1.123
2015-01-01,Hama,19795.1618,850.0,25500.0,1.288
2015-01-01,Hassakeh,22277.1218,800.0,24000.0,1.077
2015-01-01,Homs,28942.5002,766.6666666666666,23000.0,0.795
2015-01-01,Idleb,19500.4785,600.0,18000.0,0.923
2015-01-01,Lattakia,20080.2518,500.0,15000.0,0.747
2015-01-01,Raqqa,24533.4866,1250.0,37500.0,1.529
2015-01-01,Tartous,20160.8768,500.0,15000.0,0.744
2015-02-01,Aleppo,26868.631699999998,1000.0,30000.0,1.117
2015-02-01,As_Suweida,21754.1515,1000.0,30000.0,1.379
2015-02-01,City_Damascus,22283.3482,1300.0,39000.0,1.75
2015-02-01,Damascus,23824.8982,1300.0,39000.0,1.637
2015-02-01,Dara,19970.9716,600.0,18000.0,0.901
2015-02-01,Dayr_Az_Zor,23313.6282,900.0,27000.0,1.158
2015-02-01,Hama,22606.493199999997,1050.0,31500.0,1.393
2015-02-01,Hassakeh,22675.5082,800.0,24000.0,1.058
2015-02-01,Homs,31980.3298,791.6666666666666,23750.0,0.743
2015-02-01,Idleb,13814.8035,650.0,19500.0,1.412
2015-02-01,Lattakia,22277.225,500.0,15000.0,0.673
2015-02-01,Raqqa,21672.9116,1250.0,37500.0,1.73
2015-02-01,Tartous,21645.443199999998,500.0,15000.0,0.693
2015-03-01,Aleppo,28636.9035,1000.0,30000.0,1.048
2015-03-01,As_Suweida,22773.548199999997,1000.0,30000.0,1.317
2015-03-01,City_Damascus,22762.5832,1300.0,39000.0,1.713
2015-03-01,Damascus,24081.6082,1300.0,39000.0,1.619
2015-03-01,Dara,21959.9366,600.0,18000.0,0.82
2015-03-01,Dayr_Az_Zor,34413.4332,912.5,27375.0,0.795
2015-03-01,Hama,21933.3282,1100.0,33000.0,1.505
2015-03-01,Hassakeh,23393.178200000002,912.5,27375.0,1.17
2015-03-01,Homs,33247.9698,800.0,24000.0,0.722
2015-03-01,Idleb,14182.965200000002,667.0,20010.0,1.411
2015-03-01,Lattakia,22396.8166,500.0,15000.0,0.67
2015-03-01,Raqqa,22396.8682,1500.0,45000.0,2.009
2015-03-01,Tartous,22819.7732,500.0,15000.0,0.657
2015-04-01,Aleppo,29318.5567,1000.0,30000.0,1.023
2015-04-01,As_Suweida,24352.2932,1000.0,30000.0,1.232
2015-04-01,City_Damascus,23380.206519,1300.0,39000.0,1.668
2015-04-01,Damascus,24563.4232,1300.0,39000.0,1.588
2015-04-01,Dara,26800.713200000002,637.5,19125.0,0.714
2015-04-01,Dayr_Az_Zor,38822.2232,950.0,28500.0,0.734
2015-04-01,Hama,23809.2032,1000.0,30000.0,1.26
2015-04-01,Hassakeh,24478.7132,950.0,28500.0,1.164
2015-04-01,Homs,34930.4523,850.0,25500.0,0.73
2015-04-01,Lattakia,23466.9232,537.5,16125.0,0.687
2015-04-01,Raqqa,24652.6482,1500.0,45000.0,1.825
2015-04-01,Tartous,23642.5782,500.0,15000.0,0.634
2015-05-01,Aleppo,22281.6282,1000.0,30000.0,1.346
2015-05-01,As_Suweida,25812.7882,1200.0,36000.0,1.395
2015-05-01,City_Damascus,25278.7282,1300.0,39000.0,1.543
2015-05-01,Damascus,26958.5232,1300.0,39000.0,1.447
2015-05-01,Dara,32789.3232,700.0,21000.0,0.64
2015-05-01,Dayr_Az_Zor,47905.388399999996,1040.0,31200.0,0.651
2015-05-01,Hama,23824.4682,1000.0,30000.0,1.259
2015-05-01,Hassakeh,25765.4882,870.0,26100.0,1.013
2015-05-01,Homs,35681.9848,850.0,25500.0,0.715
2015-05-01,Lattakia,24290.803200000002,930.0,27900.0,1.149
2015-05-01,Raqqa,26797.660200000002,1500.0,45000.0,1.679
2015-05-01,Tartous,24250.1682,750.0,22500.0,0.928
2015-06-01,Aleppo,22252.8182,1000.0,30000.0,1.348
2015-06-01,As_Suweida,26348.783199999998,1200.0,36000.0,1.366
2015-06-01,City_Damascus,25458.8982,1300.0,39000.0,1.532
2015-06-01,Damascus,27756.173199999997,1300.0,39000.0,1.405
2015-06-01,Dara,32150.7732,700.0,21000.0,0.653
2015-06-01,Dayr_Az_Zor,56916.386699999995,1000.0,30000.0,0.527
2015-06-01,Hama,23728.1482,1000.0,30000.0,1.264
2015-06-01,Hassakeh,25060.0732,850.0,25500.0,1.018
2015-06-01,Homs,24160.298199999997,850.0,25500.0,1.055
2015-06-01,Lattakia,24543.6432,1000.0,30000.0,1.222
2015-06-01,Raqqa,35848.609800000006,1500.0,45000.0,1.255
2015-06-01,Tartous,24395.7232,750.0,22500.0,0.922
2015-07-01,Aleppo,36305.87179999999,1000.0,30000.0,0.826
2015-07-01,As_Suweida,27404.6482,1200.0,36000.0,1.314
2015-07-01,City_Damascus,26257.623199999998,1375.0,41250.0,1.571
2015-07-01,Damascus,28184.0232,1375.0,41250.0,1.464
2015-07-01,Dara,31766.998199999998,700.0,21000.0,0.661
2015-07-01,Dayr_Az_Zor,77263.9566,1000.0,30000.0,0.388
2015-07-01,Hama,24742.9482,1400.0,42000.0,1.697
2015-07-01,Hassakeh,26260.6332,825.0,24750.0,0.942
2015-07-01,Homs,24613.9482,850.0,25500.0,1.036
2015-07-01,Lattakia,24488.173199999997,1000.0,30000.0,1.225
2015-07-01,Raqqa,36240.984800000006,1500.0,45000.0,1.242
2015-07-01,Tartous,24395.7232,750.0,22500.0,0.922
2015-08-01,Aleppo,36592.2518,1000.0,30000.0,0.82
2015-08-01,As_Suweida,27214.803200000002,1200.0,36000.0,1.323
2015-08-01,City_Damascus,26273.748199999998,1475.0,44250.0,1.684
2015-08-01,Damascus,69137.7951,1450.0,43500.0,0.629
2015-08-01,Dara,31881.8082,700.0,21000.0,0.659
2015-08-01,Dayr_Az_Zor,104424.0036,1000.0,30000.0,0.287
2015-08-01,Hama,24728.5432,1200.0,36000.0,1.456
2015-08-01,Hassakeh,26599.4732,800.0,24000.0,0.902
2015-08-01,Homs,24451.6232,850.0,25500.0,1.043
2015-08-01,Lattakia,24894.5232,1000.0,30000.0,1.205
2015-08-01,Raqqa,38039.6232,1500.0,45000.0,1.183
2015-08-01,Tartous,25722.2732,875.0,26250.0,1.021
2015-09-01,Aleppo,36872.5086,1000.0,30000.0,0.814
2015-09-01,As_Suweida,28391.7132,1200.0,36000.0,1.268
2015-09-01,City_Damascus,26355.4482,1475.0,44250.0,1.679
2015-09-01,Damascus,72850.8451,1475.0,44250.0,0.607
2015-09-01,Dara,28802.5782,700.0,21000.0,0.729
2015-09-01,Dayr_Az_Zor,125369.3036,1000.0,30000.0,0.239
2015-09-01,Hama,25445.1382,1000.0,30000.0,1.179
2015-09-01,Hassakeh,25673.0683,800.0,24000.0,0.935
2015-09-01,Homs,26304.5749,850.0,25500.0,0.969
2015-09-01,Lattakia,24846.1482,1000.0,30000.0,1.207
2015-09-01,Raqqa,38104.3683,1500.0,45000.0,1.181
2015-09-01,Tartous,26287.7232,1250.0,37500.0,1.427
2015-10-01,Aleppo,37828.58349999999,1000.0,30000.0,0.793
2015-10-01,As_Suweida,30095.8118,1200.0,36000.0,1.196
2015-10-01,City_Damascus,27700.9268,1475.0,44250.0,1.597
2015-10-01,Damascus,73947.6719,1475.0,44250.0,0.598
2015-10-01,Dara,30744.8667,700.0,21000.0,0.683
2015-10-01,Dayr_Az_Zor,121992.2685,875.0,26250.0,0.215
2015-10-01,Hama,28139.5268,1000.0,30000.0,1.066
2015-10-01,Hassakeh,29063.3732,800.0,24000.0,0.826
2015-10-01,Homs,27587.5917,975.0,29250.0,1.06
2015-10-01,Lattakia,26951.325,1000.0,30000.0,1.113
2015-10-01,Raqqa,40042.0515,1500.0,45000.0,1.124
2015-10-01,Tartous,27658.8384,1250.0,37500.0,1.356
2015-11-01,Aleppo,37324.9116,1000.0,30000.0,0.804
2015-11-01,As_Suweida,32673.6016,1200.0,36000.0,1.102
2015-11-01,City_Damascus,29736.7016,1475.0,44250.0,1.488
2015-11-01,Damascus,73360.4768,1475.0,44250.0,0.603
2015-11-01,Dara,33477.056599999996,700.0,21000.0,0.627
2015-11-01,Dayr_Az_Zor,119168.2951,1000.0,30000.0,0.252
2015-11-01,Hama,30292.0466,1000.0,30000.0,0.99
2015-11-01,Hassakeh,38222.5366,800.0,24000.0,0.628
2015-11-01,Homs,28815.6416,1100.0,33000.0,1.145
2015-11-01,Lattakia,29982.8766,1000.0,30000.0,1.001
2015-11-01,Raqqa,40161.5915,1500.0,45000.0,1.12
2015-11-01,Tartous,30469.2066,1250.0,37500.0,1.231
2015-12-01,Aleppo,36885.5118,1000.0,30000.0,0.813
2015-12-01,As_Suweida,33339.8866,1200.0,36000.0,1.08
2015-12-01,City_Damascus,31479.921599999998,1500.0,45000.0,1.429
2015-12-01,Damascus,134793.5018,1475.0,44250.0,0.328
2015-12-01,Dara,32895.2666,700.0,21000.0,0.638
2015-12-01,Dayr_Az_Zor,121218.3201,1000.0,30000.0,0.247
2015-12-01,Hama,31986.031600000002,1062.5,31875.0,0.997
2015-12-01,Hassakeh,34618.0616,800.0,24000.0,0.693
2015-12-01,Homs,29722.9416,1100.0,33000.0,1.11
2015-12-01,Lattakia,31074.8616,1080.0,32400.0,1.043
2015-12-01,Raqqa,40144.3915,1500.0,45000.0,1.121
2015-12-01,Tartous,31904.761599999998,1250.0,37500.0,1.175
2016-01-01,Aleppo,71427.606719,1500.0,45000.0,0.63
2016-01-01,As_Suweida,35212.823195000004,1200.0,36000.0,1.022
2016-01-01,City_Damascus,35613.2966,1500.0,45000.0,1.264
2016-01-01,Damascus,127459.350205,1333.3333333333333,40000.0,0.314
2016-01-01,Dara,34327.8116,900.0,27000.0,0.787
2016-01-01,Dayr_Az_Zor,105127.7201,1100.0,33000.0,0.314
2016-01-01,Hama,34488.7033025,1100.0,33000.0,0.957
2016-01-01,Hassakeh,39226.9134,800.0,24000.0,0.612
2016-01-01,Homs,46561.589423,1066.6666666666667,32000.000000000004,0.687
2016-01-01,Lattakia,32568.0366,1200.0,36000.0,1.105
2016-01-01,Raqqa,61319.6598,1500.0,45000.0,0.734
2016-01-01,Tartous,34764.2616,1500.0,45000.0,1.294
2016-02-01,Al_Qunaytirah,40000.0835,1200.0,36000.0,0.9
2016-02-01,Aleppo,67912.0715,1475.0,44250.0,0.652
2016-02-01,As_Suweida,36687.9741,1200.0,36000.0,0.981
2016-02-01,City_Damascus,36356.1216,1500.0,45000.0,1.238
2016-02-01,Damascus,174882.8103,1333.3333333333333,40000.0,0.229
2016-02-01,Dara,35700.3716,900.0,27000.0,0.756
2016-02-01,Dayr_Az_Zor,108146.1051,1100.0,33000.0,0.305
2016-02-01,Hama,35193.1866,1100.0,33000.0,0.938
2016-02-01,Hassakeh,40028.6484,800.0,24000.0,0.6
2016-02-01,Homs,29924.6116,900.0,27000.0,0.902
2016-02-01,Lattakia,33642.6066,2000.0,60000.0,1.783
2016-02-01,Raqqa,61566.9098,1500.0,45000.0,0.731
2016-02-01,Tartous,36620.7866,1500.0,45000.0,1.229
2016-03-01,Al_Qunaytirah,40933.9317,1200.0,36000.0,0.879
2016-03-01,Aleppo,49933.5049,750.0,22500.0,0.451
2016-03-01,As_Suweida,37233.5366,1200.0,36000.0,0.967
2016-03-01,City_Damascus,36260.6616,1500.0,45000.0,1.241
2016-03-01,Damascus,135448.34019999998,1333.3333333333333,40000.0,0.295
2016-03-01,Dara,37059.3866,900.0,27000.0,0.729
2016-03-01,Dayr_Az_Zor,108393.65179999999,1100.0,33000.0,0.304
2016-03-01,Hama,34101.7348,1100.0,33000.0,0.968
2016-03-01,Hassakeh,41666.299100000004,800.0,24000.0,0.576
2016-03-01,Homs,28978.6116,900.0,27000.0,0.932
2016-03-01,Lattakia,37874.236600000004,2000.0,60000.0,1.584
2016-03-01,Raqqa,63802.9098,1500.0,45000.0,0.705
2016-03-01,Tartous,40173.9841,1500.0,45000.0,1.12
2016-04-01,Al_Qunaytirah,44981.7281,1200.0,36000.0,0.8
2016-04-01,Aleppo,150655.6428,1250.0,37500.0,0.249
2016-04-01,As_Suweida,42052.7616,1200.0,36000.0,0.856
2016-04-01,City_Damascus,42481.4716,1500.0,45000.0,1.059
2016-04-01,Damascus,142670.2719,1333.3333333333333,40000.0,0.28
2016-04-01,Dara,38890.9716,900.0,27000.0,0.694
2016-04-01,Dayr_Az_Zor,115612.27679999999,1100.0,33000.0,0.285
2016-04-01,Hama,35566.9598,1375.0,41250.0,1.16
2016-04-01,Hassakeh,43830.9191,800.0,24000.0,0.548
2016-04-01,Homs,348353.06200000003,681.25,20437.5,0.059
2016-04-01,Idleb,83021.82860000001,1600.0,48000.0,0.578
2016-04-01,Lattakia,37874.236600000004,1700.0,51000.0,1.347
2016-04-01,Raqqa,66876.3348,1625.0,48750.0,0.729
2016-04-01,Tartous,40173.9841,1500.0,45000.0,1.12
2016-05-01,Al_Qunaytirah,46553.0384,1200.0,36000.0,0.773
2016-05-01,Aleppo,161019.71779999998,1250.0,37500.0,0.233
2016-05-01,As_Suweida,44625.8816,1300.0,39000.0,0.874
2016-05-01,City_Damascus,44947.736600000004,1500.0,45000.0,1.001
2016-05-01,Damascus,135623.9866,1333.3333333333333,40000.0,0.295
2016-05-01,Dara,42998.7616,900.0,27000.0,0.628
2016-05-01,Dayr_Az_Zor,131498.2484,1150.0,34500.0,0.262
2016-05-01,Hama,40297.5016,1125.0,33750.0,0.838
2016-05-01,Hassakeh,51702.821599999996,900.0,27000.0,0.522
2016-05-01,Homs,91793.7555,890.0,26700.0,0.291
2016-05-01,Idleb,123888.633,1600.0,48000.0,0.387
2016-05-01,Lattakia,44158.6866,1575.0,47250.0,1.07
2016-05-01,Raqqa,72772.5335,1750.0,52500.0,0.721
2016-05-01,Tartous,45368.0616,1500.0,45000.0,0.992
2016-06-01,Al_Qunaytirah,47501.1884,1200.0,36000.0,0.758
2016-06-01,Aleppo,131827.9896,1325.0,39750.0,0.302
2016-06-01,As_Suweida,46960.1366,1300.0,39000.0,0.83
2016-06-01,City_Damascus,44326.3866,1500.0,45000.0,1.015
2016-06-01,Damascus,140247.56160000002,1333.3333333333333,40000.0,0.285
2016-06-01,Dara,41015.3866,900.0,27000.0,0.658
2016-06-01,Dayr_Az_Zor,95562.8603,975.0,29250.0,0.306
2016-06-01,Hama,46257.6929,1250.0,37500.0,0.811
2016-06-01,Hassakeh,48925.0216,850.0,25500.0,0.521
2016-06-01,Homs,76100.5916,825.0,24750.0,0.325
2016-06-01,Idleb,107402.0116,1750.0,52500.0,0.489
2016-06-01,Lattakia,43726.5366,1600.0,48000.0,1.098
2016-06-01,Raqqa,73921.1366,1750.0,52500.0,0.71
2016-06-01,Tartous,44837.8716,1500.0,45000.0,1.004
2016-07-01,Al_Qunaytirah,47602.2384,1200.0,36000.0,0.756
2016-07-01,Aleppo,147731.1096,1285.0,38550.0,0.261
2016-07-01,As_Suweida,47311.6616,1300.0,39000.0,0.824
2016-07-01,City_Damascus,46777.3866,1500.0,45000.0,0.962
2016-07-01,Damascus,139073.1714,1333.3333333333333,40000.0,0.288
2016-07-01,Dara,41225.0116,925.0,27750.0,0.673
2016-07-01,Dayr_Az_Zor,116160.3634,1050.0,31500.0,0.271
2016-07-01,Hama,46457.0839,1250.0,37500.0,0.807
2016-07-01,Hassakeh,50367.8866,900.0,27000.0,0.536
2016-07-01,Homs,104033.2411,878.0,26340.0,0.253
2016-07-01,Idleb,107477.2616,1750.0,52500.0,0.488
2016-07-01,Lattakia,42751.0816,1700.0,51000.0,1.193
2016-07-01,Raqqa,73475.0116,1750.0,52500.0,0.715
2016-07-01,Tartous,44842.1716,1500.0,45000.0,1.004
2016-08-01,Al_Qunaytirah,48575.5434,1200.0,36000.0,0.741
2016-08-01,Aleppo,157430.6712,1020.0,30600.0,0.194
2016-08-01,As_Suweida,48112.3216,1425.0,42750.0,0.889
2016-08-01,City_Damascus,48444.2816,1500.0,45000.0,0.929
2016-08-01,Damascus,148015.5933,1333.3333333333333,40000.0,0.27
2016-08-01,Dara,41968.6966,950.0,28500.0,0.679
2016-08-01,Dayr_Az_Zor,93428.4134,1150.0,34500.0,0.369
2016-08-01,Hama,46797.2569,1500.0,45000.0,0.962
2016-08-01,Hassakeh,51003.2116,950.0,28500.0,0.559
2016-08-01,Homs,102207.0999,978.0,29340.0,0.287
2016-08-01,Idleb,114031.4549,1800.0,54000.0,0.474
2016-08-01,Lattakia,43287.5066,1850.0,55500.0,1.282
2016-08-01,Raqqa,70594.9232,1800.0,54000.0,0.765
2016-08-01,Tartous,44295.8566,1600.0,48000.0,1.084
2016-09-01,Al_Qunaytirah,48583.4984,1200.0,36000.0,0.741
2016-09-01,Aleppo,230617.1614,1266.6666666666667,38000.0,0.165
2016-09-01,As_Suweida,48053.4116,1500.0,45000.0,0.936
2016-09-01,City_Damascus,48836.0116,1500.0,45000.0,0.921
2016-09-01,Damascus,144481.075,1333.3333333333333,40000.0,0.277
2016-09-01,Dara,42128.0116,1000.0,30000.0,0.712
2016-09-01,Dayr_Az_Zor,93115.3734,1150.0,34500.0,0.371
2016-09-01,Hama,47351.3549,1500.0,45000.0,0.95
2016-09-01,Hassakeh,52118.1156,900.0,27000.0,0.518
2016-09-01,Homs,105305.6369,987.0,29610.0,0.281
2016-09-01,Idleb,111512.2397,1850.0,55500.0,0.498
2016-09-01,Lattakia,44161.4816,1925.0,57750.0,1.308
2016-09-01,Raqqa,67940.66649999999,1825.0,54750.0,0.806
2016-09-01,Tartous,45669.9216,1625.0,48750.0,1.067
2016-10-01,Al_Qunaytirah,48942.5484,1200.0,36000.0,0.736
2016-10-01,Aleppo,228900.1972,1200.0,36000.0,0.157
2016-10-01,As_Suweida,47841.6366,1500.0,45000.0,0.941
2016-10-01,City_Damascus,48021.1616,1500.0,45000.0,0.937
2016-10-01,Damascus,121856.80129999999,1333.3333333333333,40000.0,0.328
2016-10-01,Dara,42238.9516,1025.0,30750.0,0.728
2016-10-01,Dayr_Az_Zor,92264.5582,1150.0,34500.0,0.374
2016-10-01,Hama,48195.2299,1500.0,45000.0,0.934
2016-10-01,Hassakeh,53222.8716,900.0,27000.0,0.507
2016-10-01,Homs,89160.0184,995.0,29850.0,0.335
2016-10-01,Idleb,117292.43299999999,1850.0,55500.0,0.473
2016-10-01,Lattakia,45248.5216,1900.0,57000.0,1.26
2016-10-01,Raqqa,68955.918,1650.0,49500.0,0.718
2016-10-01,Tartous,44317.571599999996,1650.0,49500.0,1.117
2016-11-01,Al_Qunaytirah,50388.4234,1200.0,36000.0,0.714
2016-11-01,Aleppo,232965.3957,1225.0,36750.0,0.158
2016-11-01,As_Suweida,49708.9116,1500.0,45000.0,0.905
2016-11-01,City_Damascus,50222.7616,1500.0,45000.0,0.896
2016-11-01,Damascus,118567.3701,1333.3333333333333,40000.0,0.337
2016-11-01,Dara,44373.6866,1025.0,30750.0,0.693
2016-11-01,Dayr_Az_Zor,119898.5082,1150.0,34500.0,0.288
2016-11-01,Hama,49758.2799,1500.0,45000.0,0.904
2016-11-01,Hassakeh,54499.1116,900.0,27000.0,0.495
2016-11-01,Homs,68198.1849,1010.0,30300.0,0.444
2016-11-01,Idleb,123884.15669999999,1700.0,51000.0,0.412
2016-11-01,Lattakia,46840.5966,1800.0,54000.0,1.153
2016-11-01,Raqqa,72142.1062,1600.0,48000.0,0.665
2016-11-01,Tartous,46408.446599999996,1625.0,48750.0,1.05
2016-12-01,Al_Qunaytirah,50490.1184,1250.0,37500.0,0.743
2016-12-01,Aleppo,499061.4357,1425.0,42750.0,0.086
2016-12-01,As_Suweida,50891.4116,1500.0,45000.0,0.884
2016-12-01,City_Damascus,50863.4616,1500.0,45000.0,0.885
2016-12-01,Damascus,109641.1549,1333.3333333333333,40000.0,0.365
2016-12-01,Dara,58262.6866,1050.0,31500.0,0.541
2016-12-01,Dayr_Az_Zor,130642.2732,1150.0,34500.0,0.264
2016-12-01,Hama,53961.3149,1600.0,48000.0,0.89
2016-12-01,Hassakeh,53019.9116,900.0,27000.0,0.509
2016-12-01,Homs,68637.2149,1066.6666666666667,32000.000000000004,0.466
2016-12-01,Idleb,154782.6495,1700.0,51000.0,0.329
2016-12-01,Lattakia,48058.141599999995,1900.0,57000.0,1.186
2016-12-01,Raqqa,70932.0432,1600.0,48000.0,0.677
2016-12-01,Tartous,46476.1716,1650.0,49500.0,1.065
2017-01-01,Al_Qunaytirah,49355.5849,1250.0,37500.0,0.76
2017-01-01,Aleppo,145691.2111,1600.0,48000.0,0.329
2017-01-01,As_Suweida,51498.7866,1500.0,45000.0,0.874
2017-01-01,City_Damascus,51240.7866,1500.0,45000.0,0.878
2017-01-01,Damascus,110185.2683,1333.3333333333333,40000.0,0.363
2017-01-01,Dara,57800.4366,1050.0,31500.0,0.545
2017-01-01,Dayr_Az_Zor,141143.9482,1150.0,34500.0,0.244
2017-01-01,Hama,80273.1568,1516.6666666666667,45500.0,0.567
2017-01-01,Hassakeh,51572.9616,900.0,27000.0,0.524
2017-01-01,Homs,70025.68490000001,1133.3333333333333,34000.0,0.486
2017-01-01,Idleb,147719.8995,1700.0,51000.0,0.345
2017-01-01,Lattakia,46964.2216,1900.0,57000.0,1.214
2017-01-01,Raqqa,59136.9282,1600.0,48000.0,0.812
2017-01-01,Tartous,46669.4566,1650.0,49500.0,1.061
2017-02-01,Al_Qunaytirah,51250.891599999995,1275.0,38250.0,0.746
2017-02-01,Aleppo,145897.4821,1637.5,49125.0,0.337
2017-02-01,As_Suweida,51740.6616,1500.0,45000.0,0.87
2017-02-01,City_Damascus,52050.2616,1500.0,45000.0,0.865
2017-02-01,Damascus,112053.29149999999,1333.3333333333333,40000.0,0.357
2017-02-01,Dara,45306.3566,1050.0,31500.0,0.695
2017-02-01,Dayr_Az_Zor,133521.1232,1150.0,34500.0,0.258
2017-02-01,Hama,79757.4965,1566.6666666666667,47000.0,0.589
2017-02-01,Hassakeh,49239.1366,900.0,27000.0,0.548
2017-02-01,Homs,69311.8849,1166.6666666666667,35000.0,0.505
2017-02-01,Idleb,148203.6495,1700.0,51000.0,0.344
2017-02-01,Lattakia,47586.431599999996,1900.0,57000.0,1.198
2017-02-01,Raqqa,58212.6432,1600.0,48000.0,0.825
2017-02-01,Tartous,47187.6066,1675.0,50250.0,1.065
2017-03-01,Al_Qunaytirah,52706.8501,1300.0,39000.0,0.74
2017-03-01,Aleppo,142140.6409,1700.0,51000.0,0.359
2017-03-01,As_Suweida,52170.6616,1550.0,46500.0,0.891
2017-03-01,City_Damascus,52109.3866,1500.0,45000.0,0.864
2017-03-01,Damascus,133547.1382,1333.3333333333333,40000.0,0.3
2017-03-01,Dara,45525.4416,1050.0,31500.0,0.692
2017-03-01,Dayr_Az_Zor,126947.4982,1150.0,34500.0,0.272
2017-03-01,Hama,79640.6483,1616.6666666666667,48500.0,0.609
2017-03-01,Hassakeh,48728.5116,900.0,27000.0,0.554
2017-03-01,Homs,71355.0299,1166.6666666666667,35000.0,0.491
2017-03-01,Idleb,154965.3995,1750.0,52500.0,0.339
2017-03-01,Lattakia,48284.3216,1925.0,57750.0,1.196
2017-03-01,Raqqa,57905.6232,1600.0,48000.0,0.829
2017-03-01,Tartous,47364.1216,1675.0,50250.0,1.061
2017-04-01,Al_Qunaytirah,52863.8001,1350.0,40500.0,0.766
2017-04-01,Aleppo,140979.4259,1775.0,53250.0,0.378
2017-04-01,As_Suweida,52116.9116,1600.0,48000.0,0.921
2017-04-01,City_Damascus,52216.8866,1500.0,45000.0,0.862
2017-04-01,Damascus,194343.0365,1333.3333333333333,40000.0,0.206
2017-04-01,Dara,45559.4116,1100.0,33000.0,0.724
2017-04-01,Dayr_Az_Zor,145034.1582,1150.0,34500.0,0.238
2017-04-01,Hama,77655.8801,1666.6666666666667,50000.0,0.644
2017-04-01,Hassakeh,45029.4366,900.0,27000.0,0.6
2017-04-01,Homs,70266.2699,1266.6666666666667,38000.0,0.541
2017-04-01,Idleb,148133.7745,1850.0,55500.0,0.375
2017-04-01,Lattakia,48559.5216,1925.0,57750.0,1.189
2017-04-01,Raqqa,57342.3232,1600.0,48000.0,0.837
2017-04-01,Tartous,46812.6466,1700.0,51000.0,1.089
2017-05-01,Al_Qunaytirah,53106.7501,1350.0,40500.0,0.763
2017-05-01,Aleppo,140820.6269,1875.0,56250.0,0.399
2017-05-01,As_Suweida,52158.8366,1800.0,54000.0,1.035
2017-05-01,City_Damascus,51667.3466,1500.0,45000.0,0.871
2017-05-01,Damascus,168422.9332,1333.3333333333333,40000.0,0.237
2017-05-01,Dara,45408.6966,1150.0,34500.0,0.76
2017-05-01,Dayr_Az_Zor,104298.3232,1150.0,34500.0,0.331
2017-05-01,Hama,78413.6949,1800.0,54000.0,0.689
2017-05-01,Hassakeh,44461.8366,900.0,27000.0,0.607
2017-05-01,Homs,72473.8899,1533.3333333333333,46000.0,0.635
2017-05-01,Idleb,149271.3395,1950.0,58500.0,0.392
2017-05-01,Lattakia,49289.4466,2000.0,60000.0,1.217
2017-05-01,Raqqa,66924.8732,1600.0,48000.0,0.717
2017-05-01,Tartous,46835.2216,1850.0,55500.0,1.185
2017-06-01,Al_Qunaytirah,51453.3184,1350.0,40500.0,0.787
2017-06-01,Aleppo,143078.3032,1950.0,58500.0,0.409
2017-06-01,As_Suweida,52131.9616,1900.0,57000.0,1.093
2017-06-01,City_Damascus,51195.6366,1500.0,45000.0,0.879
2017-06-01,Damascus,149212.8982,1333.3333333333333,40000.0,0.268
2017-06-01,Dara,45416.8666,1200.0,36000.0,0.793
2017-06-01,Dayr_Az_Zor,104298.3232,1150.0,34500.0,0.331
2017-06-01,Hama,77932.9549,1900.0,57000.0,0.731
2017-06-01,Hassakeh,44974.6116,950.0,28500.0,0.634
2017-06-01,Homs,73839.5699,1633.3333333333333,49000.0,0.664
2017-06-01,Idleb,157301.783,2000.0,60000.0,0.381
2017-06-01,Lattakia,49537.7716,2000.0,60000.0,1.211
2017-06-01,Raqqa,70641.5567,1800.0,54000.0,0.764
2017-06-01,Tartous,47087.8466,1850.0,55500.0,1.179
2017-07-01,Al_Qunaytirah,50814.0331,1350.0,40500.0,0.797
2017-07-01,Aleppo,140903.6986,1975.0,59250.0,0.42
2017-07-01,As_Suweida,52088.9616,2000.0,60000.0,1.152
2017-07-01,City_Damascus,51082.7616,1550.0,46500.0,0.91
2017-07-01,Damascus,154674.225,1400.0,42000.0,0.272
2017-07-01,Dara,45408.9116,1250.0,37500.0,0.826
2017-07-01,Dayr_Az_Zor,107405.0732,1150.0,34500.0,0.321
2017-07-01,Hama,77005.0149,2000.0,60000.0,0.779
2017-07-01,Hassakeh,44243.6116,950.0,28500.0,0.644
2017-07-01,Homs,73927.2899,1733.3333333333333,52000.0,0.703
2017-07-01,Idleb,157301.783,2000.0,60000.0,0.381
2017-07-01,Lattakia,48325.1716,2000.0,60000.0,1.242
2017-07-01,Raqqa,75019.0384,1850.0,55500.0,0.74
2017-07-01,Tartous,47581.2716,1900.0,57000.0,1.198
2017-08-01,Al_Qunaytirah,50220.9599,1350.0,40500.0,0.806
2017-08-01,Aleppo,143293.4838,2000.0,60000.0,0.419
2017-08-01,As_Suweida,50916.7816,2000.0,60000.0,1.178
2017-08-01,City_Damascus,50808.6366,1600.0,48000.0,0.945
2017-08-01,Damascus,142851.1299,1466.6666666666667,44000.0,0.308
2017-08-01,Dara,45421.8116,1300.0,39000.0,0.859
2017-08-01,Dayr_Az_Zor,103396.3982,1150.0,34500.0,0.334
2017-08-01,Hama,76321.3149,2066.6666666666665,61999.99999999999,0.812
2017-08-01,Hassakeh,44243.6116,950.0,28500.0,0.644
2017-08-01,Homs,74108.10489999999,1833.3333333333333,55000.0,0.742
2017-08-01,Idleb,157823.158,2000.0,60000.0,0.38
2017-08-01,Lattakia,47510.3216,2000.0,60000.0,1.263
2017-08-01,Raqqa,76513.2884,1900.0,57000.0,0.745
2017-08-01,Tartous,48122.8566,1900.0,57000.0,1.184
2017-09-01,Al_Qunaytirah,52686.4251,1350.0,40500.0,0.769
2017-09-01,Aleppo,150072.5069,2025.0,60750.0,0.405
2017-09-01,As_Suweida,49426.1866,2000.0,60000.0,1.214
2017-09-01,City_Damascus,49764.8116,1650.0,49500.0,0.995
2017-09-01,Damascus,197335.5183,1533.3333333333333,46000.0,0.233
2017-09-01,Dara,45392.7866,1350.0,40500.0,0.892
2017-09-01,Dayr_Az_Zor,90108.3232,1200.0,36000.0,0.4
2017-09-01,Hama,76217.0399,2066.6666666666665,61999.99999999999,0.813
2017-09-01,Hassakeh,44628.4616,1000.0,30000.0,0.672
2017-09-01,Homs,75189.7699,1933.3333333333333,58000.0,0.771
2017-09-01,Idleb,165506.83659999998,2000.0,60000.0,0.363
2017-09-01,Lattakia,47322.1966,2000.0,60000.0,1.268
2017-09-01,Raqqa,77635.5884,1950.0,58500.0,0.754
2017-09-01,Tartous,48472.4466,1900.0,57000.0,1.176
2017-10-01,Al_Qunaytirah,51179.9416,1350.0,40500.0,0.791
2017-10-01,Aleppo,152229.1719,2212.5,66375.0,0.436
2017-10-01,As_Suweida,48387.7366,2000.0,60000.0,1.24
2017-10-01,City_Damascus,48489.861600000004,1750.0,52500.0,1.083
2017-10-01,Damascus,213956.7598,1566.6666666666667,47000.0,0.22
2017-10-01,Dara,44962.7866,1350.0,40500.0,0.901
2017-10-01,Dayr_Az_Zor,87658.1832,1250.0,37500.0,0.428
2017-10-01,Hama,75975.1649,2066.6666666666665,61999.99999999999,0.816
2017-10-01,Hassakeh,45393.8616,1000.0,30000.0,0.661
2017-10-01,Homs,74947.8949,1933.3333333333333,58000.0,0.774
2017-10-01,Idleb,151014.8433,2000.0,60000.0,0.397
2017-10-01,Lattakia,46202.9066,2000.0,60000.0,1.299
2017-10-01,Raqqa,79329.7884,2100.0,63000.0,0.794
2017-10-01,Tartous,48316.5716,2000.0,60000.0,1.242
2017-11-01,Al_Qunaytirah,48171.7949,1350.0,40500.0,0.841
2017-11-01,Aleppo,149457.4134,2275.0,68250.0,0.457
2017-11-01,As_Suweida,47279.4116,2000.0,60000.0,1.269
2017-11-01,City_Damascus,48206.2766,1850.0,55500.0,1.151
2017-11-01,Damascus,448281.7596,1600.0,48000.0,0.107
2017-11-01,Dara,44806.9116,1350.0,40500.0,0.904
2017-11-01,Dayr_Az_Zor,81205.0872,1250.0,37500.0,0.462
2017-11-01,Hama,70475.4649,2066.6666666666665,61999.99999999999,0.88
2017-11-01,Hassakeh,45161.6616,1000.0,30000.0,0.664
2017-11-01,Homs,73047.0799,2000.0,60000.0,0.821
2017-11-01,Idleb,146105.8214,2000.0,60000.0,0.411
2017-11-01,Lattakia,45055.0216,2000.0,60000.0,1.332
2017-11-01,Raqqa,78876.1384,2100.0,63000.0,0.799
2017-11-01,Tartous,45823.6466,2100.0,63000.0,1.375
2017-12-01,Al_Qunaytirah,45942.6749,1350.0,40500.0,0.882
2017-12-01,Aleppo,146280.9002,2425.0,72750.0,0.497
2017-12-01,As_Suweida,46655.9116,2000.0,60000.0,1.286
2017-12-01,City_Damascus,47308.6516,1900.0,57000.0,1.205
2017-12-01,Damascus,353006.43169999996,1600.0,48000.0,0.136
2017-12-01,Dara,45054.1616,1350.0,40500.0,0.899
2017-12-01,Dayr_Az_Zor,76281.6732,1250.0,37500.0,0.492
2017-12-01,Hama,71164.9699,2000.0,60000.0,0.843
2017-12-01,Hassakeh,44114.3966,1050.0,31500.0,0.714
2017-12-01,Homs,75217.7199,1966.6666666666667,59000.0,0.784
2017-12-01,Idleb,144353.5714,2000.0,60000.0,0.416
2017-12-01,Lattakia,44060.6466,2000.0,60000.0,1.362
2017-12-01,Raqqa,64711.2848,1975.0,59250.0,0.916
2017-12-01,Tartous,42706.1466,2250.0,67500.0,1.581
2018-01-01,Al_Qunaytirah,70326.7623,1415.0,42450.0,0.604
2018-01-01,Aleppo,131707.1252,2375.0,71250.0,0.541
2018-01-01,As_Suweida,41694.7866,2000.0,60000.0,1.439
2018-01-01,City_Damascus,41130.4116,2000.0,60000.0,1.459
2018-01-01,Damascus,318259.0906,1600.0,48000.0,0.151
2018-01-01,Dara,92729.6247,1477.6,44328.0,0.478
2018-01-01,Dayr_Az_Zor,51337.3732,1800.0,54000.0,1.052
2018-01-01,Hama,64399.3499,2000.0,60000.0,0.932
2018-01-01,Hassakeh,37863.4866,700.0,21000.0,0.555
2018-01-01,Homs,64288.6249,2000.0,60000.0,0.933
2018-01-01,Idleb,119480.4794,2000.0,60000.0,0.502
2018-01-01,Lattakia,43012.5216,2000.0,60000.0,1.395
2018-01-01,Raqqa,47685.679899999996,2100.0,63000.0,1.321
2018-01-01,Tartous,37609.5716,2250.0,67500.0,1.795
2018-02-01,Al_Qunaytirah,68203.6717,1454.6666666666667,43640.0,0.64
2018-02-01,Aleppo,130787.1402,2375.0,71250.0,0.545
2018-02-01,As_Suweida,39600.6866,2000.0,60000.0,1.515
2018-02-01,City_Damascus,39869.5226,2000.0,60000.0,1.505
2018-02-01,Damascus,328755.6572,1666.6666666666667,50000.0,0.152
2018-02-01,Dara,162074.6239,1371.6666666666667,41150.0,0.254
2018-02-01,Dayr_Az_Zor,52360.7732,1800.0,54000.0,1.031
2018-02-01,Hama,65652.1549,2000.0,60000.0,0.914
2018-02-01,Hassakeh,37084.5416,783.0,23490.0,0.633
2018-02-01,Homs,66764.1349,2000.0,60000.0,0.899
2018-02-01,Idleb,119448.2294,2000.0,60000.0,0.502
2018-02-01,Lattakia,40516.5866,2500.0,75000.0,1.851
2018-02-01,Raqqa,46288.5067,2158.0,64740.0,1.399
2018-02-01,Tartous,37476.7016,2250.0,67500.0,1.801
2018-03-01,Al_Qunaytirah,67156.2777,1539.0,46170.0,0.688
2018-03-01,Aleppo,67968.4402,2333.3333333333335,70000.0,1.03
2018-03-01,As_Suweida,39071.7866,2000.0,60000.0,1.536
2018-03-01,City_Damascus,39091.2226,2000.0,60000.0,1.535
2018-03-01,Damascus,142048.7456,1733.3333333333333,52000.0,0.366
2018-03-01,Dara,154722.9612,1499.1666666666667,44975.0,0.291
2018-03-01,Dayr_Az_Zor,53764.7232,1800.0,54000.0,1.004
2018-03-01,Hama,56934.9799,2000.0,60000.0,1.054
2018-03-01,Hassakeh,36500.3866,792.0,23760.0,0.651
2018-03-01,Homs,56666.6599,2000.0,60000.0,1.059
2018-03-01,Idleb,114411.44159999999,1583.5,47505.0,0.415
2018-03-01,Lattakia,39894.376599999996,2625.0,78750.0,1.974
2018-03-01,Raqqa,45666.0817,2183.5,65505.0,1.434
2018-03-01,Tartous,37449.8266,2500.0,75000.0,2.003
2018-04-01,Al_Qunaytirah,66605.6197,1598.6666666666667,47960.0,0.72
2018-04-01,Aleppo,67968.4402,2333.3333333333335,70000.0,1.03
2018-04-01,As_Suweida,38706.2866,1875.0,56250.0,1.453
2018-04-01,City_Damascus,39068.9916,2000.0,60000.0,1.536
2018-04-01,Damascus,38494.984599999996,2000.0,60000.0,1.559
2018-04-01,Dara,116236.912,1556.8333333333333,46705.0,0.402
2018-04-01,Dayr_Az_Zor,53764.7232,1800.0,54000.0,1.004
2018-04-01,Hama,56934.9799,2000.0,60000.0,1.054
2018-04-01,Hassakeh,36383.5126,983.5,29505.0,0.811
2018-04-01,Homs,56666.6599,2000.0,60000.0,1.059
2018-04-01,Idleb,113879.7982,1600.0,48000.0,0.421
2018-04-01,Lattakia,39976.5066,2750.0,82500.0,2.064
2018-04-01,Raqqa,43864.497800000005,2200.0,66000.0,1.505
2018-04-01,Tartous,37849.2966,2625.0,78750.0,2.081
2018-05-01,Al_Qunaytirah,66650.5117,1545.0,46350.0,0.695
2018-05-01,Aleppo,63127.3368,2416.6666666666665,72500.0,1.148
2018-05-01,As_Suweida,38706.2866,1875.0,56250.0,1.453
2018-05-01,City_Damascus,39016.3166,2000.0,60000.0,1.538
2018-05-01,Damascus,38518.6346,2000.0,60000.0,1.558
2018-05-01,Dara,164354.17859999998,1648.6666666666667,49460.0,0.301
2018-05-01,Dayr_Az_Zor,60398.9782,1800.0,54000.0,0.894
2018-05-01,Hama,57462.8049,2000.0,60000.0,1.044
2018-05-01,Hassakeh,37265.8726,1212.5,36375.0,0.976
2018-05-01,Homs,55723.4549,2000.0,60000.0,1.077
2018-05-01,Idleb,113961.2402,1600.0,48000.0,0.421
2018-05-01,Lattakia,40146.3566,2625.0,78750.0,1.962
2018-05-01,Raqqa,43448.275,2491.5,74745.0,1.72
2018-05-01,Tartous,38203.1866,2750.0,82500.0,2.16
2018-06-01,Al_Qunaytirah,70609.0143,1569.3333333333333,47080.0,0.667
2018-06-01,Aleppo,134713.8529,2625.0,78750.0,0.585
2018-06-01,As_Suweida,38895.4866,1875.0,56250.0,1.446
2018-06-01,City_Damascus,38400.556599999996,2000.0,60000.0,1.562
2018-06-01,Damascus,38265.3216,2000.0,60000.0,1.568
2018-06-01,Dara,163873.7138,1613.6666666666667,48410.0,0.295
2018-06-01,Dayr_Az_Zor,59638.0932,1800.0,54000.0,0.905
2018-06-01,Hama,57220.9299,2000.0,60000.0,1.049
2018-06-01,Hassakeh,36434.1666,1142.0,34260.0,0.94
2018-06-01,Homs,55481.5799,2000.0,60000.0,1.081
2018-06-01,Idleb,113998.0482,1600.0,48000.0,0.421
2018-06-01,Lattakia,40584.5266,3000.0,90000.0,2.218
2018-06-01,Raqqa,41942.7633,2416.5,72495.0,1.728
2018-06-01,Tartous,38164.4866,2750.0,82500.0,2.162
2018-07-01,Al_Qunaytirah,77328.1169,1666.6666666666667,50000.0,0.647
2018-07-01,Aleppo,130614.0179,2500.0,75000.0,0.574
2018-07-01,As_Suweida,38786.9116,1875.0,56250.0,1.45
2018-07-01,City_Damascus,38416.2516,2000.0,60000.0,1.562
2018-07-01,Damascus,38204.3046,2000.0,60000.0,1.571
2018-07-01,Dara,81219.4492,1417.0,42510.0,0.523
2018-07-01,Dayr_Az_Zor,56765.0482,1800.0,54000.0,0.951
2018-07-01,Hama,57269.3049,2000.0,60000.0,1.048
2018-07-01,Hassakeh,36907.1666,1142.0,34260.0,0.928
2018-07-01,Homs,57495.0549,2000.0,60000.0,1.044
2018-07-01,Idleb,114068.4392,1600.0,48000.0,0.421
2018-07-01,Lattakia,42095.9766,3000.0,90000.0,2.138
2018-07-01,Raqqa,42385.53,2416.5,72495.0,1.71
2018-07-01,Tartous,38452.5866,3250.0,97500.0,2.536
2018-08-01,Al_Qunaytirah,56603.9659,1833.3333333333333,55000.0,0.972
2018-08-01,Aleppo,132981.5893,2500.0,75000.0,0.564
2018-08-01,As_Suweida,38625.6616,2000.0,60000.0,1.553
2018-08-01,City_Damascus,38397.3316,2000.0,60000.0,1.563
2018-08-01,Damascus,38151.3286,2000.0,60000.0,1.573
2018-08-01,Dara,97814.508,1393.0,41790.0,0.427
2018-08-01,Dayr_Az_Zor,53061.4582,1800.0,54000.0,1.018
2018-08-01,Hama,56866.1799,2000.0,60000.0,1.055
2018-08-01,Hassakeh,36534.5716,1142.0,34260.0,0.938
2018-08-01,Homs,56592.0549,2000.0,60000.0,1.06
2018-08-01,Idleb,114068.4392,1600.0,48000.0,0.421
2018-08-01,Lattakia,41773.4766,3000.0,90000.0,2.154
2018-08-01,Raqqa,42560.11,2416.5,72495.0,1.703
2018-08-01,Tartous,39077.1616,3250.0,97500.0,2.495
2018-09-01,Al_Qunaytirah,45276.5103,1833.3333333333333,55000.0,1.215
2018-09-01,Aleppo,173663.8162,2708.25,81247.5,0.468
2018-09-01,As_Suweida,39075.0116,1750.0,52500.0,1.344
2018-09-01,City_Damascus,36997.681599999996,2000.0,60000.0,1.622
2018-09-01,Damascus,37960.0216,2250.0,67500.0,1.778
2018-09-01,Dara,74057.41649999999,1308.25,39247.5,0.53
2018-09-01,Dayr_Az_Zor,53262.9132,1800.0,54000.0,1.014
2018-09-01,Hama,61676.7232,1666.6666666666667,50000.0,0.811
2018-09-01,Hassakeh,36445.9916,1171.0,35130.0,0.964
2018-09-01,Homs,57156.4299,2000.0,60000.0,1.05
2018-09-01,Idleb,113987.8142,1600.0,48000.0,0.421
2018-09-01,Lattakia,41558.4766,3000.0,90000.0,2.166
2018-09-01,Raqqa,42560.11,2416.5,72495.0,1.703
2018-09-01,Tartous,41430.3366,3250.0,97500.0,2.353
2018-10-01,Al_Qunaytirah,45615.0493,1833.3333333333333,55000.0,1.206
2018-10-01,Aleppo,178522.6227,2916.75,87502.5,0.49
2018-10-01,As_Suweida,39323.3366,1750.0,52500.0,1.335
2018-10-01,City_Damascus,38140.5786,2000.0,60000.0,1.573
2018-10-01,Damascus,37685.0366,2250.0,67500.0,1.791
2018-10-01,Dara,82964.8665,1308.25,39247.5,0.473
2018-10-01,Dayr_Az_Zor,53225.9332,1800.0,54000.0,1.015
2018-10-01,Hama,60628.679899999996,1866.6666666666667,56000.0,0.924
2018-10-01,Hassakeh,36551.7716,1154.5,34635.0,0.948
2018-10-01,Homs,62933.4799,1833.3333333333333,55000.0,0.874
2018-10-01,Idleb,114033.3082,2000.0,60000.0,0.526
2018-10-01,Lattakia,40191.9366,3000.0,90000.0,2.239
2018-10-01,Raqqa,42611.71,2350.0,70500.0,1.654
2018-10-01,Tartous,40966.7966,3250.0,97500.0,2.38
2018-11-01,Al_Qunaytirah,42584.4093,1833.3333333333333,55000.0,1.292
2018-11-01,Aleppo,180212.5657,2633.4,79002.0,0.438
2018-11-01,As_Suweida,40010.2616,1750.0,52500.0,1.312
2018-11-01,City_Damascus,39865.7386,2000.0,60000.0,1.505
2018-11-01,Damascus,69866.3785,2250.0,67500.0,0.966
2018-11-01,Dara,83174.4915,1308.25,39247.5,0.472
2018-11-01,Dayr_Az_Zor,51910.6191,1916.5,57495.0,1.108
2018-11-01,Hama,66670.1799,1866.6666666666667,56000.0,0.84
2018-11-01,Hassakeh,37177.8516,1142.0,34260.0,0.922
2018-11-01,Homs,68105.3049,2000.0,60000.0,0.881
2018-11-01,Idleb,114010.7332,2000.0,60000.0,0.526
2018-11-01,Lattakia,42910.39659999999,3000.0,90000.0,2.097
2018-11-01,Raqqa,41792.99,2283.5,68505.0,1.639
2018-11-01,Tartous,42900.5066,3500.0,105000.0,2.448
2018-12-01,Al_Qunaytirah,42985.3843,1833.3333333333333,55000.0,1.28
2018-12-01,Aleppo,169362.2811,2766.6,82998.0,0.49
2018-12-01,As_Suweida,41897.7466,1750.0,52500.0,1.253
2018-12-01,City_Damascus,41163.908599999995,2000.0,60000.0,1.458
2018-12-01,Damascus,67950.82740000001,2250.0,67500.0,0.993
2018-12-01,Dara,88218.3915,1308.25,39247.5,0.445
2018-12-01,Dayr_Az_Zor,50376.392,2150.0,64500.0,1.28
2018-12-01,Hama,70908.9049,1800.0,54000.0,0.762
2018-12-01,Hassakeh,37545.5016,1142.0,34260.0,0.912
2018-12-01,Homs,64581.4549,2000.0,60000.0,0.929
2018-12-01,Idleb,114208.1032,2000.0,60000.0,0.525
2018-12-01,Lattakia,44636.2016,3000.0,90000.0,2.016
2018-12-01,Raqqa,42958.29,2283.5,68505.0,1.595
2018-12-01,Tartous,44731.6616,3500.0,105000.0,2.347
2019-01-01,Al_Qunaytirah,43020.8593,1833.3333333333333,55000.0,1.278
2019-01-01,Aleppo,179279.943,2916.75,87502.5,0.488
2019-01-01,As_Suweida,43139.5866,1750.0,52500.0,1.217
2019-01-01,City_Damascus,42052.8046,2000.0,60000.0,1.427
2019-01-01,Damascus,64877.557199999996,2250.0,67500.0,1.04
2019-01-01,Dara,88702.1415,1308.25,39247.5,0.442
2019-01-01,Dayr_Az_Zor,52091.6061,2100.0,63000.0,1.209
2019-01-01,Hama,65657.5299,2000.0,60000.0,0.914
2019-01-01,Hassakeh,37914.2266,1142.0,34260.0,0.904
2019-01-01,Homs,65811.2549,2000.0,60000.0,0.912
2019-01-01,Idleb,114404.1832,2000.0,60000.0,0.524
2019-01-01,Lattakia,46110.0266,3250.0,97500.0,2.115
2019-01-01,Raqqa,43531.695,2266.5,67995.0,1.562
2019-01-01,Tartous,45111.1366,3500.0,105000.0,2.328
2019-02-01,Al_Qunaytirah,43781.9593,1833.3333333333333,55000.0,1.256
2019-02-01,Aleppo,193582.2934,2833.25,84997.5,0.439
2019-02-01,As_Suweida,43831.2416,1750.0,52500.0,1.198
2019-02-01,City_Damascus,42326.5426,2000.0,60000.0,1.418
2019-02-01,Damascus,44877.165,2500.0,75000.0,1.671
2019-02-01,Dara,90533.9415,1433.25,42997.5,0.475
2019-02-01,Dayr_Az_Zor,53762.0271,2258.5,67755.0,1.26
2019-02-01,Hama,65077.0299,2000.0,60000.0,0.922
2019-02-01,Hassakeh,37944.3266,1142.0,34260.0,0.903
2019-02-01,Homs,64432.0299,2000.0,60000.0,0.931
2019-02-01,Idleb,114860.1982,2000.0,60000.0,0.522
2019-02-01,Lattakia,46808.9916,3625.0,108750.0,2.323
2019-02-01,Raqqa,44078.225,2250.0,67500.0,1.531
2019-02-01,Tartous,45120.8116,3500.0,105000.0,2.327
2019-03-01,Al_Qunaytirah,45341.0169736,1833.3333333333333,55000.0,1.213
2019-03-01,Aleppo,184004.4053224,2729.166675,81875.00025,0.445
2019-03-01,As_Suweida,40467.31591,1491.6667,44750.001,1.106
2019-03-01,City_Damascus,43941.1794076,2000.0,60000.0,1.365
2019-03-01,Damascus,66824.114181,2183.33335,65500.000499999995,0.98
2019-03-01,Dara,90910.1916075,1370.833325,41124.99975,0.452
2019-03-01,Dayr_Az_Zor,54345.3059965,2416.66665,72499.9995,1.334
2019-03-01,Hama,63803.1549,2000.0,60000.0,0.94
2019-03-01,Hassakeh,38279.154399,1141.6667,34250.001,0.895
2019-03-01,Homs,63506.4549,2000.0,60000.0,0.945
2019-03-01,Idleb,114970.634197,2000.0,60000.0,0.522
2019-03-01,Lattakia,47280.4866,3750.0,112500.0,2.379
2019-03-01,Raqqa,44148.9950235,2266.66665,67999.9995,1.54
2019-03-01,Tartous,46164.6366,3500.0,105000.0,2.274
2019-04-01,Al_Qunaytirah,49964.411782099996,1833.3333333333333,55000.0,1.101
2019-04-01,Aleppo,186456.6382915,2812.5,84375.0,0.453
2019-04-01,As_Suweida,44686.5098456,1550.0,46500.0,1.041
2019-04-01,City_Damascus,43965.724646099996,2166.66665,64999.999500000005,1.478
2019-04-01,Damascus,71004.4510161,2500.0,75000.0,1.056
2019-04-01,Dara,91152.0666075,1433.333325,42999.99975,0.472
2019-04-01,Dayr_Az_Zor,54323.8062115,2416.66665,72499.9995,1.335
2019-04-01,Hama,65718.8049,2000.0,60000.0,0.913
2019-04-01,Hassakeh,40593.9874815,1358.3333499999999,40750.000499999995,1.004
2019-04-01,Homs,64077.2799,2000.0,60000.0,0.936
2019-04-01,Idleb,115494.697127,2000.0,60000.0,0.52
2019-04-01,Lattakia,48465.6741,4000.0,120000.0,2.476
2019-04-01,Raqqa,44570.9323085,2283.33335,68500.0005,1.537
2019-04-01,Tartous,46251.7116,4000.0,120000.0,2.594
2019-05-01,Al_Qunaytirah,51141.5371046,1833.3333333333333,55000.0,1.075
2019-05-01,Aleppo,186936.2769325,2833.333325,84999.99975,0.455
2019-05-01,As_Suweida,45674.614048100004,1525.0,45750.0,1.002
2019-05-01,City_Damascus,42700.4494311,2166.66665,64999.999500000005,1.522
2019-05-01,Damascus,42995.716361499995,2500.0,75000.0,1.744
2019-05-01,Dara,92015.2916075,1483.333325,44499.99975,0.484
2019-05-01,Dayr_Az_Zor,50315.571209,2416.66665,72499.9995,1.441
2019-05-01,Hama,65570.0970325,2000.0,60000.0,0.915
2019-05-01,Hassakeh,43000.19479,1308.3333499999999,39250.000499999995,0.913
2019-05-01,Homs,64205.3855215,2000.0,60000.0,0.935
2019-05-01,Idleb,115655.94680450001,2000.0,60000.0,0.519
2019-05-01,Lattakia,48210.3616,4000.0,120000.0,2.489
2019-05-01,Raqqa,47054.184178999996,2300.0,69000.0,1.466
2019-05-01,Tartous,46295.7866,4000.0,120000.0,2.592
2019-06-01,Al_Qunaytirah,52248.2521201,1833.3333333333333,55000.0,1.053
2019-06-01,Aleppo,166830.1624514,3777.7777666666666,113333.333,0.679
2019-06-01,As_Suweida,47728.2232271,1483.3333499999999,44500.000499999995,0.932
2019-06-01,City_Damascus,43390.5992075,2100.0,63000.0,1.452
2019-06-01,Damascus,42948.594807199996,2500.0,75000.0,1.746
2019-06-01,Dara,94384.5442,1625.0,48750.0,0.517
2019-06-01,Dayr_Az_Zor,48982.5691235,2416.66665,72499.9995,1.48
2019-06-01,Hama,65235.0549,2000.0,60000.0,0.92
2019-06-01,Hassakeh,42034.4867075,1450.0,43500.0,1.035
2019-06-01,Homs,64221.3299,2000.0,60000.0,0.934
2019-06-01,Idleb,115664.90520950001,2000.0,60000.0,0.519
2019-06-01,Lattakia,47968.4866,3750.0,112500.0,2.345
2019-06-01,Raqqa,46944.2064975,2450.0,73500.0,1.566
2019-06-01,Tartous,46204.4116,4000.0,120000.0,2.597
2019-07-01,Al_Qunaytirah,49291.405679999996,2000.0,60000.0,1.217
2019-07-01,Aleppo,258197.9068765,3555.5,106665.0,0.413
2019-07-01,As_Suweida,47933.0107271,1491.6666500000001,44749.999500000005,0.934
2019-07-01,City_Damascus,41155.1355121,2199.83335,65995.0005,1.604
2019-07-01,Damascus,40875.6365097,2500.0,75000.0,1.835
2019-07-01,Dara,115958.23201,1546.66666,46399.999800000005,0.4
2019-07-01,Dayr_Az_Zor,45122.424315,2458.33335,73750.0005,1.634
2019-07-01,Hama,55121.4549,2000.0,60000.0,1.089
2019-07-01,Hassakeh,39109.7225975,1450.0,43500.0,1.112
2019-07-01,Homs,126804.73746039999,2061.8571428571427,61855.71428571428,0.488
2019-07-01,Idleb,113664.508982,2000.0,60000.0,0.528
2019-07-01,Lattakia,43335.2366,3875.0,116250.0,2.683
2019-07-01,Raqqa,69491.1914815,2633.3333333333335,79000.0,1.137
2019-07-01,Tartous,40824.0366,4000.0,120000.0,2.939
2019-08-01,Al_Qunaytirah,48724.9390826,2000.0,60000.0,1.231
2019-08-01,Aleppo,253958.3304765,2861.1111,85833.333,0.338
2019-08-01,As_Suweida,46539.8096134,1541.6666500000001,46249.999500000005,0.994
2019-08-01,City_Damascus,62345.9182809,2266.6666666666665,68000.0,1.091
2019-08-01,Damascus,147345.3196587,2461.904771428571,73857.14314285714,0.501
2019-08-01,Dara,131741.0597121,1538.8888833333333,46166.6665,0.35
2019-08-01,Dayr_Az_Zor,47028.758494,2500.0,75000.0,1.595
2019-08-01,Hama,97561.2165,2000.0,60000.0,0.615
2019-08-01,Hassakeh,40731.182099,1450.0,43500.0,1.068
2019-08-01,Homs,173471.052833,2048.1481555555556,61444.44466666667,0.354
2019-08-01,Idleb,113830.9195367,2083.3333,62499.998999999996,0.549
2019-08-01,Lattakia,43270.7366,3750.0,112500.0,2.6
2019-08-01,Raqqa,71177.147586,2633.3333333333335,79000.0,1.11
2019-08-01,Tartous,38066.6616,4000.0,120000.0,3.152
2019-09-01,Al_Qunaytirah,55269.8977026,2000.0,60000.0,1.086
2019-09-01,Aleppo,275345.4419745,3375.0,101250.0,0.368
2019-09-01,As_Suweida,48853.2118064,1525.0,45750.0,0.936
2019-09-01,City_Damascus,69199.0431734,2266.6666666666665,68000.0,0.983
2019-09-01,Damascus,169738.3212815,2533.3333428571427,76000.00028571428,0.448
2019-09-01,Dara,147003.6053624,1622.2222166666668,48666.66650000001,0.331
2019-09-01,Dayr_Az_Zor,51320.6944675,2500.0,75000.0,1.461
2019-09-01,Hama,118108.3721814,2100.0,63000.0,0.533
2019-09-01,Hassakeh,45690.3804195,1450.0,43500.0,0.952
2019-09-01,Homs,188217.8226208,1788.4259222222222,53652.77766666667,0.285
2019-09-01,Idleb,121757.9373383,1733.3333,51999.999,0.427
2019-09-01,Lattakia,48603.7041,4000.0,120000.0,2.469
2019-09-01,Raqqa,79881.0664815,2633.3333333333335,79000.0,0.989
2019-09-01,Tartous,44290.9116,4250.0,127500.0,2.879
2019-10-01,Al_Qunaytirah,61625.0796969,2000.0,60000.0,0.974
2019-10-01,Aleppo,298411.0272201,3406.25,102187.5,0.342
2019-10-01,As_Suweida,44402.20549,1616.6666500000001,48499.999500000005,1.092
2019-10-01,City_Damascus,61291.9743747,2300.0,69000.0,1.126
2019-10-01,Damascus,149670.3675632,2597.6190428571426,77928.57128571428,0.521
2019-10-01,Dara,129596.4156115,1622.2222166666668,48666.66650000001,0.376
2019-10-01,Dayr_Az_Zor,46320.574595,2500.0,75000.0,1.619
2019-10-01,Hama,105385.5825989,2200.0,66000.0,0.626
2019-10-01,Hassakeh,39901.5705,1450.0,43500.0,1.09
2019-10-01,Homs,166761.972114,1888.888888888889,56666.666666666664,0.34
2019-10-01,Idleb,158559.2451408,1733.3333,51999.999,0.328
2019-10-01,Lattakia,43684.818,4250.0,127500.0,2.919
2019-10-01,Raqqa,69129.6079,2633.3333333333335,79000.0,1.143
2019-10-01,Tartous,41770.458,4250.0,127500.0,3.052
2019-11-01,Al_Qunaytirah,70414.6730351,2000.0,60000.0,0.852
2019-11-01,Aleppo,342376.32547389995,2875.0,86250.0,0.252
2019-11-01,As_Suweida,52817.3040495,1550.0,46500.0,0.88
2019-11-01,City_Damascus,62655.4339837,2300.0,69000.0,1.101
2019-11-01,Damascus,158376.4326059,2726.190485714286,81785.71457142857,0.516
2019-11-01,Dara,136292.3283975,1625.0,48750.0,0.358
2019-11-01,Dayr_Az_Zor,48469.6785825,2500.0,75000.0,1.547
2019-11-01,Hama,117558.8825,2000.0,60000.0,0.51
2019-11-01,Hassakeh,47736.887202499995,1475.0,44250.0,0.927
2019-11-01,Homs,208863.556,2027.7777777777778,60833.333333333336,0.291
2019-11-01,Idleb,181940.0208508,1733.3333,51999.999,0.286
2019-11-01,Lattakia,49264.283,4000.0,120000.0,2.436
2019-11-01,Raqqa,80570.3785061,2666.6666666666665,80000.0,0.993
2019-11-01,Tartous,52015.466,4500.0,135000.0,2.595
2019-12-01,Al_Qunaytirah,85787.2769231,2250.0,67500.0,0.787
2019-12-01,Aleppo,371475.233001,3202.380942857143,96071.4282857143,0.259
2019-12-01,As_Suweida,56212.8724161,1883.3333499999999,56500.000499999995,1.005
2019-12-01,City_Damascus,67752.0130558,2483.3333333333335,74500.0,1.1
2019-12-01,Damascus,159266.5385571,3050.0,91500.0,0.575
2019-12-01,Dara,154483.594605,2333.3333333333335,70000.0,0.453
2019-12-01,Dayr_Az_Zor,60644.804899999996,3000.0,90000.0,1.484
2019-12-01,Hama,123025.25749999999,2000.0,60000.0,0.488
2019-12-01,Hassakeh,60702.283988999996,1583.3333499999999,47500.000499999995,0.783
2019-12-01,Homs,220898.826,2000.0,60000.0,0.272
2019-12-01,Idleb,237283.37759480003,2291.6667,68750.001,0.29
2019-12-01,Lattakia,53442.808,4250.0,127500.0,2.386
2019-12-01,Raqqa,91075.451895,2666.6666666666665,80000.0,0.878
2019-12-01,Tartous,50182.8705,4500.0,135000.0,2.69
2020-01-01,Al_Qunaytirah,96115.2125,2250.0,67500.0,0.702
2020-01-01,Aleppo,190187.8648,3450.0,103500.0,0.544
2020-01-01,As_Suweida,58994.563799999996,2050.0,61500.0,1.042
2020-01-01,City_Damascus,78840.7365,2522.3333333333335,75670.0,0.96
2020-01-01,Damascus,169361.23619999998,3102.4285714285716,93072.85714285714,0.55
2020-01-01,Dara,162180.0212,2333.3333333333335,70000.0,0.432
2020-01-01,Dayr_Az_Zor,65638.1799,3250.0,97500.0,1.485
2020-01-01,Hama,135519.3375,2200.0,66000.0,0.487
2020-01-01,Hassakeh,65979.458,1600.0,48000.0,0.727
2020-01-01,Homs,221568.207,2166.6666666666665,64999.99999999999,0.293
2020-01-01,Idleb,154046.3476,2167.0,65010.0,0.422
2020-01-01,Lattakia,57124.683,4500.0,135000.0,2.363
2020-01-01,Raqqa,99451.1353,2666.6666666666665,80000.0,0.804
2020-01-01,Tartous,51642.183,4500.0,135000.0,2.614
2020-02-01,Al_Qunaytirah,1044692.4402513,2291.66665,68749.9995,0.066
2020-02-01,Aleppo,754799.4008727,2679.1666666666665,80375.0,0.106
2020-02-01,As_Suweida,266006.076131,2291.66665,68749.9995,0.258
2020-02-01,City_Damascus,296320.2051359,2977.777733333334,89333.33200000001,0.301
2020-02-01,Damascus,676012.8066531,3295.238042857143,98857.14128571429,0.146
2020-02-01,Dara,663070.34967,2444.4444333333336,73333.33300000001,0.111
2020-02-01,Dayr_Az_Zor,151851.1923325,3625.0,108750.0,0.716
2020-02-01,Hama,526831.1480777999,3059.9999799999996,91799.99939999999,0.174
2020-02-01,Hassakeh,221754.77348650002,1850.0,55500.0,0.25
2020-02-01,Homs,909480.511467,2545.3703555555558,76361.11066666667,0.084
2020-02-01,Idleb,53463.6906103,4124.99995,123749.99850000002,2.315
2020-02-01,Lattakia,168512.5366,4000.0,120000.0,0.712
2020-02-01,Raqqa,238133.2641625,3666.6666666666665,110000.0,0.462
2020-02-01,Tartous,216667.1616,4750.0,142500.0,0.658
2020-03-01,Al_Qunaytirah,1033735.1474036,2625.0,78750.0,0.076
2020-03-01,Aleppo,740442.4752898,2523.809528571429,75714.28585714287,0.102
2020-03-01,As_Suweida,269057.7360704,2487.5,74625.0,0.277
2020-03-01,City_Damascus,308981.76591759996,3197.2222,95916.666,0.31
2020-03-01,Damascus,717244.1162094,3295.2380857142857,98857.14257142857,0.138
2020-03-01,Dara,661932.5390755,2819.4444500000004,84583.33350000001,0.128
2020-03-01,Dayr_Az_Zor,176302.75329,3458.3333333333335,103750.0,0.588
2020-03-01,Hama,514796.129,2500.0,75000.0,0.146
2020-03-01,Hassakeh,216083.706124,2166.66665,64999.999500000005,0.301
2020-03-01,Homs,927303.24095,2500.0,75000.0,0.081
2020-03-01,Idleb,181102.7910235,4708.33335,141250.0005,0.78
2020-03-01,Lattakia,171495.1241,3125.0,93750.0,0.547
2020-03-01,Raqqa,231634.890904,3666.6666666666665,110000.0,0.475
2020-03-01,Tartous,219062.53035,3250.0,97500.0,0.445
2020-04-01,Al_Qunaytirah,1069000.1639943,2333.333325,69999.99975,0.065
2020-04-01,Aleppo,782240.9979708,2933.3333428571427,88000.00028571428,0.112
2020-04-01,As_Suweida,288738.2954099,2312.49995,69374.9985,0.24
2020-04-01,City_Damascus,319880.89456590003,3352.777733333334,100583.33200000001,0.314
2020-04-01,Damascus,753557.1211203,3678.5714000000003,110357.142,0.146
2020-04-01,Dara,739142.1585964999,2951.3888666666667,88541.666,0.12
2020-04-01,Dayr_Az_Zor,167691.945455,3729.16665,111874.9995,0.667
2020-04-01,Hama,582471.679,2500.0,75000.0,0.129
2020-04-01,Hassakeh,233921.625787,2250.0,67500.0,0.289
2020-04-01,Homs,1047724.09595,2500.0,75000.0,0.072
2020-04-01,Idleb,269278.8852596,4263.888866666667,127916.66600000001,0.475
2020-04-01,Lattakia,190235.5217,3062.5,91875.0,0.483
2020-04-01,Raqqa,251761.396471,3666.6666666666665,110000.0,0.437
2020-04-01,Tartous,272214.47990000003,2812.5,84375.0,0.31
2020-05-01,Al_Qunaytirah,1088411.5278753,2390.6249749999997,71718.74925,0.066
2020-05-01,Aleppo,850672.8996485,3582.1428428571426,107464.28528571427,0.126
2020-05-01,As_Suweida,360585.8319589,2499.99995,74999.9985,0.208
2020-05-01,City_Damascus,338648.4578889,3366.666633333333,100999.99899999998,0.298
2020-05-01,Damascus,763989.0197838,3809.5237714285713,114285.71314285714,0.15
2020-05-01,Dara,760991.7541649999,3000.0,90000.0,0.118
2020-05-01,Dayr_Az_Zor,181482.7380775,3708.3333000000002,111249.99900000001,0.613
2020-05-01,Hama,580647.403785,2500.0,75000.0,0.129
2020-05-01,Hassakeh,253356.730656,2458.33335,73750.0005,0.291
2020-05-01,Homs,1045913.526125,2500.0,75000.0,0.072
2020-05-01,Idleb,345230.4440755,5361.111099999999,160833.33299999998,0.466
2020-05-01,Lattakia,217628.6674,3250.0,97500.0,0.448
2020-05-01,Raqqa,309377.0057195,3750.0,112500.0,0.364
2020-05-01,Tartous,331805.6214,3000.0,90000.0,0.271
2020-06-01,Al_Qunaytirah,1209753.3591844,3244.791675,97343.75025,0.08
2020-06-01,Aleppo,1058531.0401706,4553.571414285714,136607.14242857142,0.129
2020-06-01,As_Suweida,425680.9315898,2499.99995,74999.9985,0.176
2020-06-01,City_Damascus,425842.5613271,5854.166666666667,175625.0,0.412
2020-06-01,Damascus,969886.4864292,4541.666628571428,136249.99885714284,0.14
2020-06-01,Dara,855987.7377121,3378.4722166666666,101354.16649999999,0.118
2020-06-01,Dayr_Az_Zor,221730.88242850002,3291.66665,98749.9995,0.445
2020-06-01,Hama,706924.8220071,2500.0,75000.0,0.106
2020-06-01,Hassakeh,355327.23158719996,4343.75045,130312.51349999999,0.367
2020-06-01,Homs,1276023.78095,2500.0,75000.0,0.059
2020-06-01,Idleb,699154.7263242999,5131.9444,153958.332,0.22
2020-06-01,Lattakia,280796.2049,5187.5,155625.0,0.554
2020-06-01,Raqqa,400648.29952349997,4173.6114,125208.34199999999,0.313
2020-06-01,Tartous,454980.38882500003,4875.0,146250.0,0.321
2020-07-01,Al_Qunaytirah,518345.38612619997,3312.5,99375.0,0.192
2020-07-01,Aleppo,1070311.5426784,4470.833314285715,134124.99942857143,0.125
2020-07-01,As_Suweida,426086.6119508,2499.99995,74999.9985,0.176
2020-07-01,City_Damascus,434071.1108495,6111.111099999999,183333.33299999998,0.422
2020-07-01,Damascus,979944.8770737,4767.8571,143035.71300000002,0.146
2020-07-01,Dara,789285.683731,3499.999983333333,104999.99949999999,0.133
2020-07-01,Dayr_Az_Zor,224484.8361249,2833.3333000000002,84999.99900000001,0.379
2020-07-01,Hama,944616.9265,2727.5,81825.0,0.087
2020-07-01,Hassakeh,357573.6630088,4708.3333,141249.999,0.395
2020-07-01,Homs,1700530.1547,2726.9444444444443,81808.33333333333,0.048
2020-07-01,Idleb,715322.1266807,5236.111033333334,157083.331,0.22
2020-07-01,Lattakia,305339.5299,5875.0,176250.0,0.577
2020-07-01,Raqqa,401760.6425424,4222.2222,126666.666,0.315
2020-07-01,Tartous,571043.3884,5375.0,161250.0,0.282
2020-08-01,Al_Qunaytirah,737881.1035864,3385.41665,101562.4995,0.138
2020-08-01,Aleppo,1122545.8037337,4026.0835571428574,120782.50671428573,0.108
2020-08-01,As_Suweida,431714.235248,2500.0,75000.0,0.174
2020-08-01,City_Damascus,748013.0139625,6277.7772,188333.31600000002,0.252
2020-08-01,Damascus,1717224.1622104,4857.143157142857,145714.2947142857,0.085
2020-08-01,Dara,919069.9625585,3500.0,105000.0,0.114
2020-08-01,Dayr_Az_Zor,222054.772425,2541.66625,76249.9875,0.343
2020-08-01,Hama,935612.7265,4058.0,121740.0,0.13
2020-08-01,Hassakeh,349625.3013789,4833.3337,145000.011,0.415
2020-08-01,Homs,1684350.4372,3961.9444444444443,118858.33333333333,0.071
2020-08-01,Idleb,687030.9681164,5194.445266666667,155833.358,0.227
2020-08-01,Lattakia,317139.18570000003,6000.0,180000.0,0.568
2020-08-01,Raqqa,438380.7110811,4222.2225,126666.67499999999,0.289
2020-08-01,Tartous,477528.2741,5625.0,168750.0,0.353
2020-09-01,Al_Qunaytirah,1207928.6242177,3666.66665,109999.9995,0.091
2020-09-01,Aleppo,1347443.8012736,4372.0238,131160.714,0.097
2020-09-01,As_Suweida,433838.2986241,2499.99995,74999.9985,0.173
2020-09-01,City_Damascus,745880.975213,6263.888866666667,187916.66600000003,0.252
2020-09-01,Damascus,1728477.8649113,4904.761871428571,147142.8561428571,0.085
2020-09-01,Dara,1103076.7802239,3597.2222,107916.666,0.098
2020-09-01,Dayr_Az_Zor,223716.5695299,2500.0,75000.0,0.335
2020-09-01,Hama,1103639.1653,4431.25,132937.5,0.12
2020-09-01,Hassakeh,398361.268392,5000.0,150000.0,0.377
2020-09-01,Homs,1985147.95579,4495.972222222223,134879.1666666667,0.068
2020-09-01,Idleb,565115.3851069,5500.0,165000.0,0.292
2020-09-01,Lattakia,307879.2991,6000.0,180000.0,0.585
2020-09-01,Raqqa,442258.6087148,4638.8889,139166.667,0.315
2020-09-01,Tartous,479123.84285,6000.0,180000.0,0.376
2020-10-01,Al_Qunaytirah,1209152.7495378,3875.0,116250.0,0.096
2020-10-01,Aleppo,1445643.9925448,3330.3571285714283,99910.71385714285,0.069
2020-10-01,As_Suweida,448773.63462629996,2499.99995,74999.9985,0.167
2020-10-01,City_Damascus,754252.357973,6333.333333333333,190000.0,0.252
2020-10-01,Damascus,1746775.6199093,5136.904728571428,154107.14185714282,0.088
2020-10-01,Dara,1127150.5103079,3694.4444166666667,110833.3325,0.098
2020-10-01,Dayr_Az_Zor,257701.39446359998,2500.0,75000.0,0.291
2020-10-01,Hama,1124356.1739999999,4470.5,134115.0,0.119
2020-10-01,Hassakeh,407380.353272,5000.0,150000.0,0.368
2020-10-01,Homs,2023772.4422,4507.777777777777,135233.3333333333,0.067
2020-10-01,Idleb,725987.4239821,4872.395825,146171.87475,0.201
2020-10-01,Lattakia,346948.5616,6000.0,180000.0,0.519
2020-10-01,Raqqa,532360.957727,4666.666666666667,140000.0,0.263
2020-10-01,Tartous,617183.1366,6000.0,180000.0,0.292
2020-11-01,Al_Qunaytirah,1271962.5955239,3868.75,116062.5,0.091
2020-11-01,Aleppo,1707098.8327521,3786.297614285714,113588.92842857142,0.067
2020-11-01,As_Suweida,575807.5641765,3083.375,92501.25,0.161
2020-11-01,City_Damascus,790011.1772327,6388.888900000001,191666.66700000002,0.243
2020-11-01,Damascus,1832567.4584917,5494.0714,164822.142,0.09
2020-11-01,Dara,1606903.7940895,4090.2916500000006,122708.74950000002,0.076
2020-11-01,Dayr_Az_Zor,290013.76875,2833.33335,85000.0005,0.293
2020-11-01,Hama,1197557.095,4580.5,137415.0,0.115
2020-11-01,Hassakeh,425269.0850675,5000.0,150000.0,0.353
2020-11-01,Homs,2156078.48,4496.666666666667,134900.0,0.063
2020-11-01,Idleb,882398.532902,5356.770825,160703.12475,0.182
2020-11-01,Lattakia,379155.8325,6000.0,180000.0,0.475
2020-11-01,Raqqa,557800.1215715,4666.666666666667,140000.0,0.251
2020-11-01,Tartous,639052.025,5875.0,176250.0,0.276
2020-12-01,Al_Qunaytirah,1298649.8059884,4500.0,135000.0,0.104
2020-12-01,Aleppo,1837389.7637924,4249.999985714286,127499.99957142858,0.069
2020-12-01,As_Suweida,583490.6476823,3083.3333000000002,92499.99900000001,0.159
2020-12-01,City_Damascus,776223.4559798,7000.0,210000.0,0.271
2020-12-01,Damascus,1908145.5348177,6880.952357142857,206428.5707142857,0.108
2020-12-01,Dara,2191426.554836,4666.6666374999995,139999.99912499997,0.064
2020-12-01,Dayr_Az_Zor,309008.0319946,2937.5,88125.0,0.285
2020-12-01,Hama,1231460.60625,4620.0,138600.0,0.113
2020-12-01,Hassakeh,441072.408496,5000.0,150000.0,0.34
2020-12-01,Homs,2217965.85375,4463.472222222223,133904.1666666667,0.06
2020-12-01,Idleb,933887.5804492,6307.291625,189218.74875,0.203
2020-12-01,Lattakia,392195.74375,7281.25,218437.5,0.557
2020-12-01,Raqqa,664811.5328675,4861.1111,145833.333,0.219
2020-12-01,Tartous,560465.49375,7562.5,226875.0,0.405
2021-01-01,Al_Qunaytirah,1553532.6513945,4500.0,135000.0,0.087
2021-01-01,Aleppo,2006028.2026595,4376.214285714285,131286.42857142855,0.065
2021-01-01,As_Suweida,741743.0744329001,3583.375,107501.25,0.145
2021-01-01,City_Damascus,788385.1884337,7166.694433333333,215000.83299999998,0.273
2021-01-01,Damascus,1935144.8942577,7095.25,212857.5,0.11
2021-01-01,Dara,2221350.6518335,4666.7708125,140003.12437499998,0.063
2021-01-01,Dayr_Az_Zor,495689.5724035,3000.0,90000.0,0.182
2021-01-01,Hama,1633705.02,4476.0,134280.0,0.082
2021-01-01,Hassakeh,919309.972799,5000.0,150000.0,0.163
2021-01-01,Homs,2303798.6375,4461.388888888889,133841.66666666666,0.058
2021-01-01,Idleb,987444.7733125,6681.29165,200438.7495,0.203
2021-01-01,Lattakia,408295.2125,7250.0,217500.0,0.533
2021-01-01,Raqqa,718941.9936425,4888.944433333333,146668.33299999998,0.204
2021-01-01,Tartous,741834.3875,7750.0,232500.0,0.313
2021-02-01,Al_Qunaytirah,1429096.0337905001,4604.166675,138125.00025,0.097
2021-02-01,Aleppo,2303698.2947984,4855.952371428571,145678.5711428571,0.063
2021-02-01,As_Suweida,1381915.6029488,3937.5,118125.0,0.085
2021-02-01,City_Damascus,1038351.4573988,7222.2222,216666.666,0.209
2021-02-01,Damascus,2403186.5054939,7142.857128571429,214285.71385714287,0.089
2021-02-01,Dara,2517466.8888989002,4666.666625,139999.99875,0.056
2021-02-01,Dayr_Az_Zor,1631952.6264531,2769.841257142857,83095.23771428571,0.051
2021-02-01,Hama,1723277.1375,5000.0,150000.0,0.087
2021-02-01,Hassakeh,1045523.1386667,4927.0833,147812.499,0.141
2021-02-01,Homs,3101626.55,5000.0,150000.0,0.048
2021-02-01,Idleb,1197755.0035277,7998.437475000001,239953.12425000002,0.2
2021-02-01,Lattakia,557657.325,7250.0,217500.0,0.39
2021-02-01,Raqqa,1641976.3216575,4791.66664,143749.99920000002,0.088
2021-02-01,Tartous,529390.7375,7750.0,232500.0,0.439
2021-03-01,Al_Qunaytirah,1106632.1521264,5950.0,178500.0,0.161
2021-03-01,Aleppo,2043018.2856047999,6039.523785714286,181185.71357142855,0.089
2021-03-01,As_Suweida,1660940.493644,4858.3333,145749.999,0.088
2021-03-01,City_Damascus,1252586.8420714,7322.2222,219666.666,0.175
2021-03-01,Damascus,2856093.5350420997,7323.809514285714,219714.2854285714,0.077
2021-03-01,Dara,3203428.1674422002,5316.6666375,159499.999125,0.05
2021-03-01,Dayr_Az_Zor,1058998.1857808,2859.5238,85785.71399999999,0.081
2021-03-01,Hama,1432566.5,5000.0,150000.0,0.105
2021-03-01,Hassakeh,1138911.7004364,5408.3333,162249.999,0.142
2021-03-01,Homs,3636572.4359999998,5000.0,150000.0,0.041
2021-03-01,Idleb,1465824.88913,9271.499975,278144.99925,0.19
2021-03-01,Lattakia,659579.15,7250.0,217500.0,0.33
2021-03-01,Raqqa,974805.2696603,5740.0,172200.0,0.177
2021-03-01,Tartous,687845.2,8600.0,258000.0,0.375
2021-04-01,Al_Qunaytirah,1096273.1634588,6916.66665,207499.9995,0.189
2021-04-01,Aleppo,1880486.1946894,6457.142828571428,193714.28485714283,0.103
2021-04-01,As_Suweida,1897209.6248423,5083.3333,152499.999,0.08
2021-04-01,City_Damascus,1328985.580071,8550.9259,256527.777,0.193
2021-04-01,Damascus,3003894.7027705,7898.809514285714,236964.2854285714,0.079
2021-04-01,Dara,3292577.715239,5770.8333125,173124.99937499998,0.053
2021-04-01,Dayr_Az_Zor,1047622.6142515,3464.285714285714,103928.57142857142,0.099
2021-04-01,Hama,1296509.125,5000.0,150000.0,0.116
2021-04-01,Hassakeh,1212098.3305799,5343.749949999999,160312.4985,0.132
2021-04-01,Homs,1814688.6875,5000.0,150000.0,0.083
2021-04-01,Idleb,1276800.1082132,9052.499979999999,271574.9994,0.213
2021-04-01,Lattakia,629888.725,7000.0,210000.0,0.333
2021-04-01,Raqqa,1282072.0035012,6127.77776,183833.3328,0.143
2021-04-01,Tartous,643209.31875,8609.375,258281.25,0.402
2021-05-01,Al_Qunaytirah,1051343.1801699,6937.499975,208124.99925,0.198
2021-05-01,Aleppo,2056379.5049120001,6253.5714,187607.142,0.091
2021-05-01,As_Suweida,1783966.2545106,5354.16665,160624.9995,0.09
2021-05-01,City_Damascus,1228231.9373825,8708.333333333334,261250.00000000003,0.213
2021-05-01,Damascus,2875168.4811045,8273.809514285715,248214.28542857143,0.086
2021-05-01,Dara,3237833.3384029,5781.249975,173437.49925,0.054
2021-05-01,Dayr_Az_Zor,942105.0749167,3904.7619,117142.857,0.124
2021-05-01,Hama,2092773.077061,6103.33332,183099.99959999998,0.087
2021-05-01,Hassakeh,998403.9189528,5187.499975,155624.99925,0.156
2021-05-01,Homs,2684608.5212225,6095.238085714285,182857.14257142856,0.068
2021-05-01,Idleb,1226554.2071479,7101.08334,213032.5002,0.174
2021-05-01,Lattakia,1138061.91875,8083.333333333333,242500.0,0.213
2021-05-01,Raqqa,1030182.8908253,6466.66662,193999.9986,0.188
2021-05-01,Tartous,1173800.1325,8416.666666666666,252499.99999999997,0.215
2021-06-01,Al_Qunaytirah,1219336.4839611,6937.499975,208124.99925,0.171
2021-06-01,Aleppo,2357506.0760355,6622.023771428571,198660.71314285713,0.084
2021-06-01,As_Suweida,1707981.495829,5864.5833,175937.499,0.103
2021-06-01,City_Damascus,1233055.0177453,9486.1111,284583.333,0.231
2021-06-01,Damascus,2870841.5671293,8633.92857142857,259017.85714285713,0.09
2021-06-01,Dara,3188778.0108241,5872.3958125,176171.87437499998,0.055
2021-06-01,Dayr_Az_Zor,1011122.7669403,4202.380942857143,126071.4282857143,0.125
2021-06-01,Hama,2075463.7827355,6733.33332,201999.99959999998,0.097
2021-06-01,Hassakeh,1016534.3322225,5083.3333,152499.999,0.15
2021-06-01,Homs,2634639.1932159998,6214.2857,186428.571,0.071
2021-06-01,Idleb,2106543.29055,7121.41666,213642.4998,0.101
2021-06-01,Lattakia,1013782.794365,7511.111099999999,225333.33299999998,0.222
2021-06-01,Raqqa,1035063.5699117,7041.66664,211249.99920000002,0.204
2021-06-01,Tartous,1022774.6803389,11374.999966666668,341249.99900000007,0.334
